16,04,38,ShengYu,Run:1,All:0
16,04,38,Send,UserID:0,bAssID:81
16,04,38,Send,UserID:1,bAssID:81
16,04,38,Send,UserID:2,bAssID:81
16,04,52,Reply,UserID:0,bAssistantID:1
18,55,45,ShengYu,Run:1,All:0
18,55,45,Send,UserID:0,bAssID:81
18,55,45,Send,UserID:1,bAssID:81
18,55,45,Send,UserID:2,bAssID:81
18,55,46,Reply,UserID:0,bAssistantID:1
20,48,18,ShengYu,Run:1,All:0
20,48,18,Send,UserID:0,bAssID:81
20,48,18,Send,UserID:1,bAssID:81
20,48,18,Send,UserID:2,bAssID:81
20,48,19,Reply,UserID:0,bAssistantID:1
20,49,54,ShengYu,Run:1,All:0
20,49,54,Send,UserID:0,bAssID:81
20,49,54,Send,UserID:1,bAssID:81
20,49,54,Send,UserID:2,bAssID:81
20,50,01,Reply,UserID:0,bAssistantID:1
20,51,13,ShengYu,Run:1,All:0
20,51,13,Send,UserID:0,bAssID:81
20,51,13,Send,UserID:1,bAssID:81
20,51,13,Send,UserID:2,bAssID:81
20,51,21,ShengYu,Run:1,All:0
20,51,21,Send,UserID:0,bAssID:81
20,51,21,Send,UserID:1,bAssID:81
20,51,21,Send,UserID:2,bAssID:81
20,51,23,Reply,UserID:1,bAssistantID:1
20,51,25,Reply,UserID:0,bAssistantID:1
20,51,54,ShengYu,Run:1,All:0
20,51,54,Send,UserID:0,bAssID:81
20,51,54,Send,UserID:1,bAssID:81
20,51,54,Send,UserID:2,bAssID:81
20,51,55,Reply,UserID:2,bAssistantID:1
20,51,55,GameProcEvent,nEventID:0
20,51,55,Send,UserID:0,bAssID:51
20,51,55,Send,UserID:1,bAssID:51
20,51,55,Send,UserID:2,bAssID:51
20,51,55,ShengYu,Run:1,All:0
20,51,55,Send,UserID:0,bAssID:81
20,51,55,Send,UserID:1,bAssID:81
20,51,55,Send,UserID:2,bAssID:81
20,51,55,GameBegin
20,51,56,GameProcEvent,nEventID:2
20,51,56,Send,UserID:0,bAssID:54
20,51,56,Send,UserID:1,bAssID:54
20,51,56,Send,UserID:2,bAssID:54
20,52,01,GameProcEvent,nEventID:3
20,52,01,Send,UserID:0,bAssID:55
20,52,01,Send,UserID:1,bAssID:55
20,52,01,Send,UserID:2,bAssID:55
20,52,02,GameProcEvent,nEventID:4
20,52,02,Send,UserID:0,bAssID:56
20,52,02,Send,UserID:1,bAssID:56
20,52,02,Send,UserID:2,bAssID:56
20,52,05,GameProcEvent,nEventID:10
20,52,05,BaiLong,UserID:0,LongCount:1,ShouPai:6 17 4 7 6 5 4 23 20 3 19 6 26 23 10 5 17 
20,52,05,BaiLong,UserID:0,LongPai:9
20,52,05,Send,UserID:0,bAssID:59
20,52,05,Send,UserID:1,bAssID:59
20,52,05,Send,UserID:2,bAssID:59
20,52,05,GameProcEvent,nEventID:5
20,52,05,LiangZhang,UserId:0,ShouPaiNumber:17,ShouPai:6 17 4 7 6 5 4 23 20 3 19 6 26 23 10 5 17 0 0 0 0 
20,52,05,Send,UserID:0,bAssID:57
20,52,05,LiangZhang,UserId:1,ShouPaiNumber:20,ShouPai:8 4 26 1 7 1 25 3 25 24 2 25 26 26 2 8 24 5 22 21 0 
20,52,05,Send,UserID:1,bAssID:57
20,52,05,LiangZhang,UserId:2,ShouPaiNumber:20,ShouPai:3 2 18 10 3 5 22 8 19 21 20 22 24 20 18 10 23 25 19 20 0 
20,52,05,Send,UserID:2,bAssID:57
20,52,05,GameProcEvent,nEventID:7
20,52,05,Send,UserID:0,bAssID:77
20,52,05,Send,UserID:1,bAssID:77
20,52,05,Send,UserID:2,bAssID:77
20,52,15,Reply,UserID:0,bAssistantID:77
20,52,15,GameProcEvent,nEventID:16
20,52,15,Send,UserID:0,bAssID:62
20,52,15,GameProcEvent,nEventID:8
20,52,15,Send,UserID:0,bAssID:78
20,52,15,Send,UserID:1,bAssID:78
20,52,15,Send,UserID:2,bAssID:78
20,52,15,GameProcEvent,nEventID:9
20,52,15,Send,UserID:0,bAssID:101
20,52,15,GameProcEvent,nEventID:9
20,52,15,Send,UserID:1,bAssID:101
20,52,15,GameProcEvent,nEventID:9
20,52,15,Send,UserID:2,bAssID:101
20,52,21,Reply,UserID:2,bAssistantID:60
20,52,21,GameProcEvent,nEventID:14
20,52,21,ChiPengHu,Station:2,bOperateType:100,Card:7
20,52,21,Send,UserID:0,bAssID:60
20,52,21,Send,UserID:1,bAssID:60
20,52,21,Send,UserID:2,bAssID:60
20,52,21,GameProcEvent,nEventID:7
20,52,21,Send,UserID:0,bAssID:77
20,52,21,Send,UserID:1,bAssID:77
20,52,21,Send,UserID:2,bAssID:77
20,52,31,Reply,UserID:2,bAssistantID:77
20,52,31,GameProcEvent,nEventID:16
20,52,31,Send,UserID:2,bAssID:62
20,52,31,GameProcEvent,nEventID:8
20,52,31,Send,UserID:0,bAssID:78
20,52,31,Send,UserID:1,bAssID:78
20,52,31,Send,UserID:2,bAssID:78
20,52,31,GameProcEvent,nEventID:9
20,52,31,Send,UserID:0,bAssID:101
20,52,31,GameProcEvent,nEventID:9
20,52,31,Send,UserID:1,bAssID:101
20,52,31,GameProcEvent,nEventID:9
20,52,31,Send,UserID:2,bAssID:101
20,52,34,Reply,UserID:1,bAssistantID:60
20,52,34,GameProcEvent,nEventID:15
20,52,34,ChiPengHu,Station:1,bOperateType:200,Card:8
20,52,34,Send,UserID:0,bAssID:60
20,52,34,Send,UserID:1,bAssID:60
20,52,34,Send,UserID:2,bAssID:60
20,52,34,GameProcEvent,nEventID:7
20,52,34,Send,UserID:0,bAssID:77
20,52,34,Send,UserID:1,bAssID:77
20,52,34,Send,UserID:2,bAssID:77
20,52,46,Reply,UserID:1,bAssistantID:77
20,52,46,GameProcEvent,nEventID:16
20,52,46,Send,UserID:1,bAssID:62
20,52,46,GameProcEvent,nEventID:8
20,52,46,Send,UserID:0,bAssID:78
20,52,46,Send,UserID:1,bAssID:78
20,52,46,Send,UserID:2,bAssID:78
20,52,46,GameProcEvent,nEventID:9
20,52,46,Send,UserID:0,bAssID:101
20,52,46,GameProcEvent,nEventID:9
20,52,46,Send,UserID:1,bAssID:101
20,52,46,GameProcEvent,nEventID:9
20,52,46,Send,UserID:2,bAssID:101
20,52,49,Reply,UserID:0,bAssistantID:60
20,52,49,GameProcEvent,nEventID:15
20,52,49,ChiPengHu,Station:0,bOperateType:200,Card:4
20,52,49,Send,UserID:0,bAssID:60
20,52,49,Send,UserID:1,bAssID:60
20,52,49,Send,UserID:2,bAssID:60
20,52,49,GameProcEvent,nEventID:7
20,52,49,Send,UserID:0,bAssID:77
20,52,49,Send,UserID:1,bAssID:77
20,52,49,Send,UserID:2,bAssID:77
20,52,56,Reply,UserID:0,bAssistantID:77
20,52,56,GameProcEvent,nEventID:16
20,52,56,Send,UserID:0,bAssID:62
20,52,56,GameProcEvent,nEventID:8
20,52,56,Send,UserID:0,bAssID:78
20,52,56,Send,UserID:1,bAssID:78
20,52,56,Send,UserID:2,bAssID:78
20,52,56,GameProcEvent,nEventID:9
20,52,56,Send,UserID:0,bAssID:101
20,52,56,GameProcEvent,nEventID:9
20,52,56,Send,UserID:1,bAssID:101
20,52,56,GameProcEvent,nEventID:9
20,52,56,Send,UserID:2,bAssID:101
20,53,01,Reply,UserID:2,bAssistantID:60
20,53,01,GameProcEvent,nEventID:15
20,53,01,ChiPengHu,Station:2,bOperateType:200,Card:3
20,53,01,Send,UserID:0,bAssID:60
20,53,01,Send,UserID:1,bAssID:60
20,53,01,Send,UserID:2,bAssID:60
20,53,01,GameProcEvent,nEventID:7
20,53,01,Send,UserID:0,bAssID:77
20,53,01,Send,UserID:1,bAssID:77
20,53,01,Send,UserID:2,bAssID:77
20,53,03,Reply,UserID:2,bAssistantID:77
20,53,03,GameProcEvent,nEventID:16
20,53,03,Send,UserID:2,bAssID:62
20,53,03,GameProcEvent,nEventID:8
20,53,03,Send,UserID:0,bAssID:78
20,53,03,Send,UserID:1,bAssID:78
20,53,03,Send,UserID:2,bAssID:78
20,53,03,GameProcEvent,nEventID:9
20,53,03,Send,UserID:0,bAssID:101
20,53,03,GameProcEvent,nEventID:9
20,53,03,Send,UserID:1,bAssID:101
20,53,03,GameProcEvent,nEventID:9
20,53,03,Send,UserID:2,bAssID:101
20,53,05,Reply,UserID:1,bAssistantID:60
20,53,05,GameProcEvent,nEventID:14
20,53,05,ChiPengHu,Station:1,bOperateType:100,Card:10
20,53,05,Send,UserID:0,bAssID:60
20,53,05,Send,UserID:1,bAssID:60
20,53,05,Send,UserID:2,bAssID:60
20,53,05,GameProcEvent,nEventID:7
20,53,05,Send,UserID:0,bAssID:77
20,53,05,Send,UserID:1,bAssID:77
20,53,05,Send,UserID:2,bAssID:77
20,53,08,Reply,UserID:1,bAssistantID:77
20,53,08,GameProcEvent,nEventID:16
20,53,08,Send,UserID:1,bAssID:62
20,53,08,GameProcEvent,nEventID:8
20,53,08,Send,UserID:0,bAssID:78
20,53,08,Send,UserID:1,bAssID:78
20,53,08,Send,UserID:2,bAssID:78
20,53,08,GameProcEvent,nEventID:9
20,53,08,Send,UserID:0,bAssID:101
20,53,08,GameProcEvent,nEventID:9
20,53,08,Send,UserID:1,bAssID:101
20,53,08,GameProcEvent,nEventID:9
20,53,08,Send,UserID:2,bAssID:101
20,53,11,Reply,UserID:0,bAssistantID:60
20,53,11,GameProcEvent,nEventID:14
20,53,11,ChiPengHu,Station:0,bOperateType:100,Card:1
20,53,11,Send,UserID:0,bAssID:60
20,53,11,Send,UserID:1,bAssID:60
20,53,11,Send,UserID:2,bAssID:60
20,53,11,GameProcEvent,nEventID:7
20,53,11,Send,UserID:0,bAssID:77
20,53,11,Send,UserID:1,bAssID:77
20,53,11,Send,UserID:2,bAssID:77
20,53,15,Reply,UserID:0,bAssistantID:77
20,53,15,GameProcEvent,nEventID:16
20,53,15,Send,UserID:0,bAssID:62
20,53,15,GameProcEvent,nEventID:8
20,53,15,Send,UserID:0,bAssID:78
20,53,15,Send,UserID:1,bAssID:78
20,53,15,Send,UserID:2,bAssID:78
20,53,15,GameProcEvent,nEventID:9
20,53,15,Send,UserID:0,bAssID:101
20,53,15,GameProcEvent,nEventID:9
20,53,15,Send,UserID:1,bAssID:101
20,53,15,GameProcEvent,nEventID:9
20,53,15,Send,UserID:2,bAssID:101
20,53,17,Reply,UserID:2,bAssistantID:60
20,53,17,GameProcEvent,nEventID:15
20,53,17,ChiPengHu,Station:2,bOperateType:200,Card:19
20,53,17,Send,UserID:0,bAssID:60
20,53,17,Send,UserID:1,bAssID:60
20,53,17,Send,UserID:2,bAssID:60
20,53,17,GameProcEvent,nEventID:7
20,53,17,Send,UserID:0,bAssID:77
20,53,17,Send,UserID:1,bAssID:77
20,53,17,Send,UserID:2,bAssID:77
20,53,25,Reply,UserID:2,bAssistantID:77
20,53,25,GameProcEvent,nEventID:16
20,53,25,Send,UserID:2,bAssID:62
20,53,25,GameProcEvent,nEventID:8
20,53,25,Send,UserID:0,bAssID:78
20,53,25,Send,UserID:1,bAssID:78
20,53,25,Send,UserID:2,bAssID:78
20,53,25,GameProcEvent,nEventID:9
20,53,25,Send,UserID:0,bAssID:101
20,53,25,GameProcEvent,nEventID:9
20,53,25,Send,UserID:1,bAssID:101
20,53,25,GameProcEvent,nEventID:9
20,53,25,Send,UserID:2,bAssID:101
20,53,27,Reply,UserID:0,bAssistantID:60
20,53,27,GameProcEvent,nEventID:15
20,53,27,ChiPengHu,Station:0,bOperateType:200,Card:5
20,53,27,Send,UserID:0,bAssID:60
20,53,27,Send,UserID:1,bAssID:60
20,53,27,Send,UserID:2,bAssID:60
20,53,27,GameProcEvent,nEventID:7
20,53,27,Send,UserID:0,bAssID:77
20,53,27,Send,UserID:1,bAssID:77
20,53,27,Send,UserID:2,bAssID:77
20,53,28,Reply,UserID:0,bAssistantID:77
20,53,28,GameProcEvent,nEventID:16
20,53,28,Send,UserID:0,bAssID:62
20,53,28,GameProcEvent,nEventID:8
20,53,28,Send,UserID:0,bAssID:78
20,53,28,Send,UserID:1,bAssID:78
20,53,28,Send,UserID:2,bAssID:78
20,53,29,GameProcEvent,nEventID:12
20,53,29,WTP,UserID:2,PAO,bOperateCard:20,bInShowCardHavePT:0
20,53,29,Send,UserID:0,bAssID:59
20,53,29,Send,UserID:1,bAssID:59
20,53,29,Send,UserID:2,bAssID:59
20,53,29,GameProcEvent,nEventID:7
20,53,29,Send,UserID:0,bAssID:77
20,53,29,Send,UserID:1,bAssID:77
20,53,29,Send,UserID:2,bAssID:77
20,53,33,Reply,UserID:2,bAssistantID:77
20,53,33,GameProcEvent,nEventID:16
20,53,33,Send,UserID:2,bAssID:62
20,53,33,GameProcEvent,nEventID:8
20,53,33,Send,UserID:0,bAssID:78
20,53,33,Send,UserID:1,bAssID:78
20,53,33,Send,UserID:2,bAssID:78
20,53,33,GameProcEvent,nEventID:9
20,53,33,Send,UserID:0,bAssID:101
20,53,33,GameProcEvent,nEventID:9
20,53,33,Send,UserID:1,bAssID:101
20,53,33,GameProcEvent,nEventID:9
20,53,33,Send,UserID:2,bAssID:101
20,53,38,Reply,UserID:1,bAssistantID:60
20,53,38,GameProcEvent,nEventID:14
20,53,38,ChiPengHu,Station:1,bOperateType:100,Card:21
20,53,38,Send,UserID:0,bAssID:60
20,53,38,Send,UserID:1,bAssID:60
20,53,38,Send,UserID:2,bAssID:60
20,53,38,GameProcEvent,nEventID:7
20,53,38,Send,UserID:0,bAssID:77
20,53,38,Send,UserID:1,bAssID:77
20,53,38,Send,UserID:2,bAssID:77
20,53,44,Reply,UserID:1,bAssistantID:77
20,53,44,GameProcEvent,nEventID:16
20,53,44,Send,UserID:1,bAssID:62
20,53,44,GameProcEvent,nEventID:8
20,53,44,Send,UserID:0,bAssID:78
20,53,44,Send,UserID:1,bAssID:78
20,53,44,Send,UserID:2,bAssID:78
20,53,44,GameProcEvent,nEventID:9
20,53,44,Send,UserID:0,bAssID:101
20,53,44,GameProcEvent,nEventID:9
20,53,44,Send,UserID:1,bAssID:101
20,53,44,GameProcEvent,nEventID:9
20,53,44,Send,UserID:2,bAssID:101
20,53,48,Reply,UserID:2,bAssistantID:60
20,53,48,GameProcEvent,nEventID:15
20,53,48,ChiPengHu,Station:2,bOperateType:200,Card:22
20,53,48,Send,UserID:0,bAssID:60
20,53,48,Send,UserID:1,bAssID:60
20,53,48,Send,UserID:2,bAssID:60
20,53,48,GameProcEvent,nEventID:7
20,53,48,Send,UserID:0,bAssID:77
20,53,48,Send,UserID:1,bAssID:77
20,53,48,Send,UserID:2,bAssID:77
20,53,55,Reply,UserID:2,bAssistantID:77
20,53,55,GameProcEvent,nEventID:16
20,53,55,Send,UserID:2,bAssID:62
20,53,55,GameProcEvent,nEventID:8
20,53,55,Send,UserID:0,bAssID:78
20,53,55,Send,UserID:1,bAssID:78
20,53,55,Send,UserID:2,bAssID:78
20,53,56,GameProcEvent,nEventID:12
20,53,56,WTP,UserID:1,PAO,bOperateCard:25,bInShowCardHavePT:0
20,53,56,Send,UserID:0,bAssID:59
20,53,56,Send,UserID:1,bAssID:59
20,53,56,Send,UserID:2,bAssID:59
20,53,56,GameProcEvent,nEventID:7
20,53,56,Send,UserID:0,bAssID:77
20,53,56,Send,UserID:1,bAssID:77
20,53,56,Send,UserID:2,bAssID:77
20,54,09,Reply,UserID:1,bAssistantID:77
20,54,09,GameProcEvent,nEventID:8
20,54,09,Send,UserID:0,bAssID:78
20,54,09,Send,UserID:1,bAssID:78
20,54,09,Send,UserID:2,bAssID:78
20,54,10,GameProcEvent,nEventID:6
20,54,10,Send,UserID:0,bAssID:58
20,54,10,Send,UserID:1,bAssID:58
20,54,10,Send,UserID:2,bAssID:58
20,54,10,GameProcEvent,nEventID:9
20,54,10,Send,UserID:0,bAssID:101
20,54,10,GameProcEvent,nEventID:9
20,54,10,Send,UserID:1,bAssID:101
20,54,10,GameProcEvent,nEventID:9
20,54,10,Send,UserID:2,bAssID:101
20,54,15,Reply,UserID:0,bAssistantID:60
20,54,20,Reply,UserID:0,bAssistantID:60
20,54,22,Reply,UserID:2,bAssistantID:60
20,54,22,GameProcEvent,nEventID:16
20,54,22,Send,UserID:0,bAssID:62
20,54,22,GameProcEvent,nEventID:16
20,54,22,Send,UserID:2,bAssID:62
20,54,22,GameProcEvent,nEventID:6
20,54,22,Send,UserID:0,bAssID:58
20,54,22,Send,UserID:1,bAssID:58
20,54,22,Send,UserID:2,bAssID:58
20,54,22,GameProcEvent,nEventID:9
20,54,22,Send,UserID:0,bAssID:101
20,54,22,GameProcEvent,nEventID:9
20,54,22,Send,UserID:1,bAssID:101
20,54,22,GameProcEvent,nEventID:9
20,54,22,Send,UserID:2,bAssID:101
20,54,24,Reply,UserID:2,bAssistantID:60
20,54,24,GameProcEvent,nEventID:1
20,54,24,SuanFen,UserId:0,ShouPai:6 26 23 6 6 23 10 0 0 0 0 0 0 0 0 0 0 0 0 0 0 
20,54,24,SuanFen,UserId:1,ShouPai:26 26 26 2 24 3 24 0 0 0 0 0 0 0 0 0 0 0 0 0 0 
20,54,24,SuanFen,UserId:2,ShouPai:23 18 18 24 0 0 0 0 0 0 0 0 0 0 0 0 0 0 0 0 0 
20,54,24,SuanFen,UserId:2,HuPai:22,Show:1_10 2_3 2_19 4_20 2_22 ,Hand:,KeZiNumber:0,ShowCardNumber:5,HandCardNumber:1
20,54,24,SuanFen,Win:2,DianPao:255
20,54,24,SuanFen,UserId:2,HuXi:19,TotleDS:3,FanPoint:1,Money:-3_-3_6,HuType:0x4001
20,54,24,Send,UserID:0,bAssID:84
20,54,24,Send,UserID:1,bAssID:84
20,54,24,Send,UserID:2,bAssID:84
20,54,24,ShengYu,Run:1,All:0
20,54,24,Send,UserID:0,bAssID:81
20,54,24,Send,UserID:1,bAssID:81
20,54,24,Send,UserID:2,bAssID:81
20,57,41,ShengYu,Run:1,All:0
20,57,41,Send,UserID:0,bAssID:81
20,57,41,Send,UserID:1,bAssID:81
20,57,41,Send,UserID:2,bAssID:81
20,57,42,Reply,UserID:0,bAssistantID:1
20,57,43,ShengYu,Run:1,All:0
20,57,43,Send,UserID:0,bAssID:81
20,57,43,Send,UserID:1,bAssID:81
20,57,43,Send,UserID:2,bAssID:81
20,57,47,ShengYu,Run:1,All:0
20,57,47,Send,UserID:0,bAssID:81
20,57,47,Send,UserID:1,bAssID:81
20,57,47,Send,UserID:2,bAssID:81
20,57,48,Reply,UserID:2,bAssistantID:1
20,57,49,Reply,UserID:1,bAssistantID:1
20,57,49,GameProcEvent,nEventID:0
20,57,49,Send,UserID:0,bAssID:51
20,57,49,Send,UserID:1,bAssID:51
20,57,49,Send,UserID:2,bAssID:51
20,57,49,ShengYu,Run:1,All:0
20,57,49,Send,UserID:0,bAssID:81
20,57,49,Send,UserID:1,bAssID:81
20,57,49,Send,UserID:2,bAssID:81
20,57,49,GameBegin
20,57,50,GameProcEvent,nEventID:2
20,57,50,Send,UserID:0,bAssID:54
20,57,50,Send,UserID:1,bAssID:54
20,57,50,Send,UserID:2,bAssID:54
20,57,55,GameProcEvent,nEventID:3
20,57,55,Send,UserID:0,bAssID:55
20,57,55,Send,UserID:1,bAssID:55
20,57,55,Send,UserID:2,bAssID:55
20,57,56,GameProcEvent,nEventID:4
20,57,56,Send,UserID:0,bAssID:56
20,57,56,Send,UserID:1,bAssID:56
20,57,56,Send,UserID:2,bAssID:56
20,57,59,GameProcEvent,nEventID:5
20,57,59,LiangZhang,UserId:0,ShouPaiNumber:21,ShouPai:24 25 6 22 9 23 19 22 17 10 1 3 26 4 20 1 19 4 23 21 21 
20,57,59,Send,UserID:0,bAssID:57
20,57,59,LiangZhang,UserId:1,ShouPaiNumber:20,ShouPai:10 5 22 5 24 25 1 24 9 5 21 8 10 6 9 17 18 23 20 17 0 
20,57,59,Send,UserID:1,bAssID:57
20,57,59,LiangZhang,UserId:2,ShouPaiNumber:20,ShouPai:24 6 17 7 18 4 3 3 2 4 19 26 19 22 8 6 10 21 3 8 0 
20,57,59,Send,UserID:2,bAssID:57
20,57,59,GameProcEvent,nEventID:7
20,57,59,Send,UserID:0,bAssID:77
20,57,59,Send,UserID:1,bAssID:77
20,57,59,Send,UserID:2,bAssID:77
20,58,36,Reply,UserID:0,bAssistantID:77
20,58,36,GameProcEvent,nEventID:16
20,58,36,Send,UserID:0,bAssID:62
20,58,36,GameProcEvent,nEventID:8
20,58,36,Send,UserID:0,bAssID:78
20,58,36,Send,UserID:1,bAssID:78
20,58,36,Send,UserID:2,bAssID:78
20,58,36,GameProcEvent,nEventID:9
20,58,36,Send,UserID:0,bAssID:101
20,58,36,GameProcEvent,nEventID:9
20,58,36,Send,UserID:1,bAssID:101
20,58,36,GameProcEvent,nEventID:9
20,58,36,Send,UserID:2,bAssID:101
20,58,44,Reply,UserID:1,bAssistantID:60
20,58,44,GameProcEvent,nEventID:15
20,58,44,ChiPengHu,Station:1,bOperateType:200,Card:9
20,58,44,Send,UserID:0,bAssID:60
20,58,44,Send,UserID:1,bAssID:60
20,58,44,Send,UserID:2,bAssID:60
20,58,44,GameProcEvent,nEventID:7
20,58,44,Send,UserID:0,bAssID:77
20,58,44,Send,UserID:1,bAssID:77
20,58,44,Send,UserID:2,bAssID:77
20,58,55,Reply,UserID:1,bAssistantID:77
20,58,55,GameProcEvent,nEventID:16
20,58,55,Send,UserID:1,bAssID:62
20,58,55,GameProcEvent,nEventID:8
20,58,55,Send,UserID:0,bAssID:78
20,58,55,Send,UserID:1,bAssID:78
20,58,55,Send,UserID:2,bAssID:78
20,58,56,GameProcEvent,nEventID:6
20,58,56,Send,UserID:0,bAssID:58
20,58,56,Send,UserID:1,bAssID:58
20,58,56,Send,UserID:2,bAssID:58
20,58,56,GameProcEvent,nEventID:9
20,58,56,Send,UserID:0,bAssID:101
20,58,56,GameProcEvent,nEventID:9
20,58,56,Send,UserID:1,bAssID:101
20,58,56,GameProcEvent,nEventID:9
20,58,56,Send,UserID:2,bAssID:101
20,59,28,Reply,UserID:2,bAssistantID:60
20,59,33,Reply,UserID:0,bAssistantID:60
20,59,33,GameProcEvent,nEventID:14
20,59,33,ChiPengHu,Station:0,bOperateType:100,Card:2
20,59,33,Send,UserID:0,bAssID:60
20,59,33,Send,UserID:1,bAssID:60
20,59,33,Send,UserID:2,bAssID:60
20,59,33,GameProcEvent,nEventID:7
20,59,33,Send,UserID:0,bAssID:77
20,59,33,Send,UserID:1,bAssID:77
20,59,33,Send,UserID:2,bAssID:77
21,00,01,Reply,UserID:0,bAssistantID:77
21,00,01,GameProcEvent,nEventID:16
21,00,01,Send,UserID:0,bAssID:62
21,00,01,GameProcEvent,nEventID:8
21,00,01,Send,UserID:0,bAssID:78
21,00,01,Send,UserID:1,bAssID:78
21,00,01,Send,UserID:2,bAssID:78
21,00,01,GameProcEvent,nEventID:9
21,00,01,Send,UserID:0,bAssID:101
21,00,01,GameProcEvent,nEventID:9
21,00,01,Send,UserID:1,bAssID:101
21,00,01,GameProcEvent,nEventID:9
21,00,01,Send,UserID:2,bAssID:101
21,00,10,Reply,UserID:2,bAssistantID:60
21,00,15,Reply,UserID:1,bAssistantID:60
21,00,15,GameProcEvent,nEventID:15
21,00,15,ChiPengHu,Station:1,bOperateType:200,Card:10
21,00,15,Send,UserID:0,bAssID:60
21,00,15,Send,UserID:1,bAssID:60
21,00,15,Send,UserID:2,bAssID:60
21,00,15,GameProcEvent,nEventID:7
21,00,15,Send,UserID:0,bAssID:77
21,00,15,Send,UserID:1,bAssID:77
21,00,15,Send,UserID:2,bAssID:77
21,00,23,Reply,UserID:1,bAssistantID:77
21,00,23,GameProcEvent,nEventID:16
21,00,23,Send,UserID:1,bAssID:62
21,00,23,GameProcEvent,nEventID:8
21,00,23,Send,UserID:0,bAssID:78
21,00,23,Send,UserID:1,bAssID:78
21,00,23,Send,UserID:2,bAssID:78
21,00,23,GameProcEvent,nEventID:9
21,00,23,Send,UserID:0,bAssID:101
21,00,23,GameProcEvent,nEventID:9
21,00,23,Send,UserID:1,bAssID:101
21,00,23,GameProcEvent,nEventID:9
21,00,23,Send,UserID:2,bAssID:101
21,00,32,Reply,UserID:0,bAssistantID:60
21,00,34,Reply,UserID:2,bAssistantID:60
21,00,34,GameProcEvent,nEventID:15
21,00,34,ChiPengHu,Station:2,bOperateType:200,Card:6
21,00,34,Send,UserID:0,bAssID:60
21,00,34,Send,UserID:1,bAssID:60
21,00,34,Send,UserID:2,bAssID:60
21,00,34,GameProcEvent,nEventID:7
21,00,34,Send,UserID:0,bAssID:77
21,00,34,Send,UserID:1,bAssID:77
21,00,34,Send,UserID:2,bAssID:77
21,00,40,Reply,UserID:2,bAssistantID:77
21,00,40,GameProcEvent,nEventID:16
21,00,40,Send,UserID:2,bAssID:62
21,00,40,GameProcEvent,nEventID:8
21,00,40,Send,UserID:0,bAssID:78
21,00,40,Send,UserID:1,bAssID:78
21,00,40,Send,UserID:2,bAssID:78
21,00,40,GameProcEvent,nEventID:9
21,00,40,Send,UserID:0,bAssID:101
21,00,40,GameProcEvent,nEventID:9
21,00,40,Send,UserID:1,bAssID:101
21,00,40,GameProcEvent,nEventID:9
21,00,40,Send,UserID:2,bAssID:101
21,00,44,Reply,UserID:1,bAssistantID:60
21,00,44,GameProcEvent,nEventID:14
21,00,44,ChiPengHu,Station:1,bOperateType:100,Card:26
21,00,44,Send,UserID:0,bAssID:60
21,00,44,Send,UserID:1,bAssID:60
21,00,44,Send,UserID:2,bAssID:60
21,00,44,GameProcEvent,nEventID:7
21,00,44,Send,UserID:0,bAssID:77
21,00,44,Send,UserID:1,bAssID:77
21,00,44,Send,UserID:2,bAssID:77
21,00,51,Reply,UserID:1,bAssistantID:77
21,00,51,GameProcEvent,nEventID:16
21,00,51,Send,UserID:1,bAssID:62
21,00,51,GameProcEvent,nEventID:8
21,00,51,Send,UserID:0,bAssID:78
21,00,51,Send,UserID:1,bAssID:78
21,00,51,Send,UserID:2,bAssID:78
21,00,51,GameProcEvent,nEventID:9
21,00,51,Send,UserID:0,bAssID:101
21,00,51,GameProcEvent,nEventID:9
21,00,51,Send,UserID:1,bAssID:101
21,00,51,GameProcEvent,nEventID:9
21,00,51,Send,UserID:2,bAssID:101
21,00,56,Reply,UserID:0,bAssistantID:60
21,00,56,GameProcEvent,nEventID:14
21,00,56,ChiPengHu,Station:0,bOperateType:100,Card:1
21,00,56,Send,UserID:0,bAssID:60
21,00,56,Send,UserID:1,bAssID:60
21,00,56,Send,UserID:2,bAssID:60
21,00,56,GameProcEvent,nEventID:7
21,00,56,Send,UserID:0,bAssID:77
21,00,56,Send,UserID:1,bAssID:77
21,00,56,Send,UserID:2,bAssID:77
21,01,10,Reply,UserID:0,bAssistantID:77
21,01,10,GameProcEvent,nEventID:16
21,01,10,Send,UserID:0,bAssID:62
21,01,10,GameProcEvent,nEventID:8
21,01,10,Send,UserID:0,bAssID:78
21,01,10,Send,UserID:1,bAssID:78
21,01,10,Send,UserID:2,bAssID:78
21,01,10,GameProcEvent,nEventID:9
21,01,10,Send,UserID:0,bAssID:101
21,01,10,GameProcEvent,nEventID:9
21,01,10,Send,UserID:1,bAssID:101
21,01,10,GameProcEvent,nEventID:9
21,01,10,Send,UserID:2,bAssID:101
21,01,19,Reply,UserID:2,bAssistantID:60
21,01,19,GameProcEvent,nEventID:16
21,01,19,Send,UserID:2,bAssID:62
21,01,19,GameProcEvent,nEventID:6
21,01,19,Send,UserID:0,bAssID:58
21,01,19,Send,UserID:1,bAssID:58
21,01,19,Send,UserID:2,bAssID:58
21,01,19,GameProcEvent,nEventID:9
21,01,19,Send,UserID:0,bAssID:101
21,01,19,GameProcEvent,nEventID:9
21,01,19,Send,UserID:1,bAssID:101
21,01,19,GameProcEvent,nEventID:9
21,01,19,Send,UserID:2,bAssID:101
21,01,25,Reply,UserID:2,bAssistantID:60
21,01,25,GameProcEvent,nEventID:16
21,01,25,Send,UserID:2,bAssID:62
21,01,25,GameProcEvent,nEventID:6
21,01,25,Send,UserID:0,bAssID:58
21,01,25,Send,UserID:1,bAssID:58
21,01,25,Send,UserID:2,bAssID:58
21,01,25,GameProcEvent,nEventID:9
21,01,25,Send,UserID:0,bAssID:101
21,01,25,GameProcEvent,nEventID:9
21,01,25,Send,UserID:1,bAssID:101
21,01,25,GameProcEvent,nEventID:9
21,01,25,Send,UserID:2,bAssID:101
21,01,33,Reply,UserID:0,bAssistantID:60
21,01,33,GameProcEvent,nEventID:14
21,01,33,ChiPengHu,Station:0,bOperateType:100,Card:18
21,01,33,Send,UserID:0,bAssID:60
21,01,33,Send,UserID:1,bAssID:60
21,01,33,Send,UserID:2,bAssID:60
21,01,33,GameProcEvent,nEventID:7
21,01,33,Send,UserID:0,bAssID:77
21,01,33,Send,UserID:1,bAssID:77
21,01,33,Send,UserID:2,bAssID:77
21,01,52,Reply,UserID:0,bAssistantID:77
21,01,52,GameProcEvent,nEventID:16
21,01,52,Send,UserID:0,bAssID:62
21,01,52,GameProcEvent,nEventID:8
21,01,52,Send,UserID:0,bAssID:78
21,01,52,Send,UserID:1,bAssID:78
21,01,52,Send,UserID:2,bAssID:78
21,01,52,GameProcEvent,nEventID:9
21,01,52,Send,UserID:0,bAssID:101
21,01,52,GameProcEvent,nEventID:9
21,01,52,Send,UserID:1,bAssID:101
21,01,52,GameProcEvent,nEventID:9
21,01,52,Send,UserID:2,bAssID:101
21,01,56,Reply,UserID:2,bAssistantID:60
21,01,56,GameProcEvent,nEventID:15
21,01,56,ChiPengHu,Station:2,bOperateType:200,Card:4
21,01,56,Send,UserID:0,bAssID:60
21,01,56,Send,UserID:1,bAssID:60
21,01,56,Send,UserID:2,bAssID:60
21,01,56,GameProcEvent,nEventID:7
21,01,56,Send,UserID:0,bAssID:77
21,01,56,Send,UserID:1,bAssID:77
21,01,56,Send,UserID:2,bAssID:77
21,02,07,Reply,UserID:2,bAssistantID:77
21,02,07,GameProcEvent,nEventID:16
21,02,07,Send,UserID:2,bAssID:62
21,02,07,GameProcEvent,nEventID:8
21,02,07,Send,UserID:0,bAssID:78
21,02,07,Send,UserID:1,bAssID:78
21,02,07,Send,UserID:2,bAssID:78
21,02,07,GameProcEvent,nEventID:9
21,02,07,Send,UserID:0,bAssID:101
21,02,07,GameProcEvent,nEventID:9
21,02,07,Send,UserID:1,bAssID:101
21,02,07,GameProcEvent,nEventID:9
21,02,07,Send,UserID:2,bAssID:101
21,02,10,Reply,UserID:0,bAssistantID:60
21,02,10,GameProcEvent,nEventID:15
21,02,10,ChiPengHu,Station:0,bOperateType:200,Card:19
21,02,10,Send,UserID:0,bAssID:60
21,02,10,Send,UserID:1,bAssID:60
21,02,10,Send,UserID:2,bAssID:60
21,02,10,GameProcEvent,nEventID:7
21,02,10,Send,UserID:0,bAssID:77
21,02,10,Send,UserID:1,bAssID:77
21,02,10,Send,UserID:2,bAssID:77
21,02,16,Reply,UserID:0,bAssistantID:77
21,02,16,GameProcEvent,nEventID:8
21,02,16,Send,UserID:0,bAssID:78
21,02,16,Send,UserID:1,bAssID:78
21,02,16,Send,UserID:2,bAssID:78
21,02,17,GameProcEvent,nEventID:6
21,02,17,Send,UserID:0,bAssID:58
21,02,17,Send,UserID:1,bAssID:58
21,02,17,Send,UserID:2,bAssID:58
21,02,18,GameProcEvent,nEventID:6
21,02,18,Send,UserID:0,bAssID:58
21,02,18,Send,UserID:1,bAssID:58
21,02,18,Send,UserID:2,bAssID:58
21,02,19,GameProcEvent,nEventID:6
21,02,19,Send,UserID:0,bAssID:58
21,02,19,Send,UserID:1,bAssID:58
21,02,19,Send,UserID:2,bAssID:58
21,02,19,GameProcEvent,nEventID:9
21,02,19,Send,UserID:0,bAssID:101
21,02,19,GameProcEvent,nEventID:9
21,02,19,Send,UserID:1,bAssID:101
21,02,19,GameProcEvent,nEventID:9
21,02,19,Send,UserID:2,bAssID:101
21,02,23,Reply,UserID:0,bAssistantID:60
21,02,23,GameProcEvent,nEventID:16
21,02,23,Send,UserID:0,bAssID:62
21,02,23,GameProcEvent,nEventID:6
21,02,23,Send,UserID:0,bAssID:58
21,02,23,Send,UserID:1,bAssID:58
21,02,23,Send,UserID:2,bAssID:58
21,02,24,GameProcEvent,nEventID:6
21,02,24,Send,UserID:0,bAssID:58
21,02,24,Send,UserID:1,bAssID:58
21,02,24,Send,UserID:2,bAssID:58
21,02,24,GameProcEvent,nEventID:9
21,02,24,Send,UserID:0,bAssID:101
21,02,24,GameProcEvent,nEventID:9
21,02,24,Send,UserID:1,bAssID:101
21,02,24,GameProcEvent,nEventID:9
21,02,24,Send,UserID:2,bAssID:101
21,02,31,Reply,UserID:0,bAssistantID:60
21,02,31,GameProcEvent,nEventID:16
21,02,31,Send,UserID:0,bAssID:62
21,02,31,GameProcEvent,nEventID:6
21,02,31,Send,UserID:0,bAssID:58
21,02,31,Send,UserID:1,bAssID:58
21,02,31,Send,UserID:2,bAssID:58
21,02,32,GameProcEvent,nEventID:6
21,02,32,Send,UserID:0,bAssID:58
21,02,32,Send,UserID:1,bAssID:58
21,02,32,Send,UserID:2,bAssID:58
21,02,33,GameProcEvent,nEventID:6
21,02,33,Send,UserID:0,bAssID:58
21,02,33,Send,UserID:1,bAssID:58
21,02,33,Send,UserID:2,bAssID:58
21,02,34,GameProcEvent,nEventID:6
21,02,34,Send,UserID:0,bAssID:58
21,02,34,Send,UserID:1,bAssID:58
21,02,34,Send,UserID:2,bAssID:58
21,02,34,GameProcEvent,nEventID:9
21,02,34,Send,UserID:0,bAssID:101
21,02,34,GameProcEvent,nEventID:9
21,02,34,Send,UserID:1,bAssID:101
21,02,34,GameProcEvent,nEventID:9
21,02,34,Send,UserID:2,bAssID:101
21,02,52,Reply,UserID:2,bAssistantID:60
21,02,52,GameProcEvent,nEventID:16
21,02,52,Send,UserID:2,bAssID:62
21,02,52,GameProcEvent,nEventID:6
21,02,52,Send,UserID:0,bAssID:58
21,02,52,Send,UserID:1,bAssID:58
21,02,52,Send,UserID:2,bAssID:58
21,02,53,GameProcEvent,nEventID:6
21,02,53,Send,UserID:0,bAssID:58
21,02,53,Send,UserID:1,bAssID:58
21,02,53,Send,UserID:2,bAssID:58
21,02,53,GameProcEvent,nEventID:9
21,02,53,Send,UserID:0,bAssID:101
21,02,53,GameProcEvent,nEventID:9
21,02,53,Send,UserID:1,bAssID:101
21,02,53,GameProcEvent,nEventID:9
21,02,53,Send,UserID:2,bAssID:101
21,03,07,Reply,UserID:0,bAssistantID:60
21,03,30,Reply,UserID:1,bAssistantID:60
21,03,30,GameProcEvent,nEventID:16
21,03,30,Send,UserID:0,bAssID:62
21,03,30,GameProcEvent,nEventID:16
21,03,30,Send,UserID:1,bAssID:62
21,03,30,GameProcEvent,nEventID:6
21,03,30,Send,UserID:0,bAssID:58
21,03,30,Send,UserID:1,bAssID:58
21,03,30,Send,UserID:2,bAssID:58
21,03,31,GameProcEvent,nEventID:12
21,03,31,WTP,UserID:1,PAO,bOperateCard:5,bInShowCardHavePT:0
21,03,31,Send,UserID:0,bAssID:59
21,03,31,Send,UserID:1,bAssID:59
21,03,31,Send,UserID:2,bAssID:59
21,03,31,GameProcEvent,nEventID:7
21,03,31,Send,UserID:0,bAssID:77
21,03,31,Send,UserID:1,bAssID:77
21,03,31,Send,UserID:2,bAssID:77
21,03,37,Reply,UserID:1,bAssistantID:77
21,03,37,GameProcEvent,nEventID:16
21,03,37,Send,UserID:1,bAssID:62
21,03,37,GameProcEvent,nEventID:8
21,03,37,Send,UserID:0,bAssID:78
21,03,37,Send,UserID:1,bAssID:78
21,03,37,Send,UserID:2,bAssID:78
21,03,38,GameProcEvent,nEventID:6
21,03,38,Send,UserID:0,bAssID:58
21,03,38,Send,UserID:1,bAssID:58
21,03,38,Send,UserID:2,bAssID:58
21,03,39,GameProcEvent,nEventID:6
21,03,39,Send,UserID:0,bAssID:58
21,03,39,Send,UserID:1,bAssID:58
21,03,39,Send,UserID:2,bAssID:58
21,03,40,GameProcEvent,nEventID:6
21,03,40,Send,UserID:0,bAssID:58
21,03,40,Send,UserID:1,bAssID:58
21,03,40,Send,UserID:2,bAssID:58
21,03,41,GameProcEvent,nEventID:12
21,03,41,WTP,UserID:1,PAO,bOperateCard:9,bInShowCardHavePT:1
21,03,41,Send,UserID:0,bAssID:59
21,03,41,Send,UserID:1,bAssID:59
21,03,41,Send,UserID:2,bAssID:59
21,03,41,GameProcEvent,nEventID:6
21,03,41,Send,UserID:0,bAssID:58
21,03,41,Send,UserID:1,bAssID:58
21,03,41,Send,UserID:2,bAssID:58
21,03,41,GameProcEvent,nEventID:9
21,03,41,Send,UserID:0,bAssID:101
21,03,41,GameProcEvent,nEventID:9
21,03,41,Send,UserID:1,bAssID:101
21,03,41,GameProcEvent,nEventID:9
21,03,41,Send,UserID:2,bAssID:101
21,03,44,Reply,UserID:2,bAssistantID:60
21,03,44,GameProcEvent,nEventID:14
21,03,44,ChiPengHu,Station:2,bOperateType:100,Card:18
21,03,44,Send,UserID:0,bAssID:60
21,03,44,Send,UserID:1,bAssID:60
21,03,44,Send,UserID:2,bAssID:60
21,03,44,GameProcEvent,nEventID:7
21,03,44,Send,UserID:0,bAssID:77
21,03,44,Send,UserID:1,bAssID:77
21,03,44,Send,UserID:2,bAssID:77
21,03,53,Reply,UserID:2,bAssistantID:77
21,03,53,GameProcEvent,nEventID:16
21,03,53,Send,UserID:2,bAssID:62
21,03,53,GameProcEvent,nEventID:8
21,03,53,Send,UserID:0,bAssID:78
21,03,53,Send,UserID:1,bAssID:78
21,03,53,Send,UserID:2,bAssID:78
21,03,53,GameProcEvent,nEventID:9
21,03,53,Send,UserID:0,bAssID:101
21,03,53,GameProcEvent,nEventID:9
21,03,53,Send,UserID:1,bAssID:101
21,03,53,GameProcEvent,nEventID:9
21,03,53,Send,UserID:2,bAssID:101
21,03,57,Reply,UserID:0,bAssistantID:60
21,03,57,GameProcEvent,nEventID:15
21,03,57,ChiPengHu,Station:0,bOperateType:200,Card:21
21,03,57,Send,UserID:0,bAssID:60
21,03,57,Send,UserID:1,bAssID:60
21,03,57,Send,UserID:2,bAssID:60
21,03,57,GameProcEvent,nEventID:7
21,03,57,Send,UserID:0,bAssID:77
21,03,57,Send,UserID:1,bAssID:77
21,03,57,Send,UserID:2,bAssID:77
21,03,59,Reply,UserID:0,bAssistantID:77
21,03,59,GameProcEvent,nEventID:16
21,03,59,Send,UserID:0,bAssID:62
21,03,59,GameProcEvent,nEventID:8
21,03,59,Send,UserID:0,bAssID:78
21,03,59,Send,UserID:1,bAssID:78
21,03,59,Send,UserID:2,bAssID:78
21,04,00,GameProcEvent,nEventID:1
21,04,00,SuanFen,UserId:0,ShouPai:24 25 23 22 22 0 0 0 0 0 0 0 0 0 0 0 0 0 0 0 0 
21,04,00,SuanFen,UserId:1,ShouPai:20 21 22 17 24 17 24 0 0 0 0 0 0 0 0 0 0 0 0 0 0 
21,04,00,SuanFen,UserId:2,ShouPai:24 8 17 7 19 10 3 3 22 3 8 0 0 0 0 0 0 0 0 0 0 
21,04,00,SuanFen,UserId:-1,HuXi:0,TotleDS:0,FanPoint:0,Money:0_0_0,HuType:0x0000
21,04,00,Send,UserID:0,bAssID:84
21,04,00,Send,UserID:1,bAssID:84
21,04,00,Send,UserID:2,bAssID:84
21,04,00,ShengYu,Run:1,All:0
21,04,00,Send,UserID:0,bAssID:81
21,04,00,Send,UserID:1,bAssID:81
21,04,00,Send,UserID:2,bAssID:81
21,04,42,ShengYu,Run:1,All:0
21,04,42,Send,UserID:0,bAssID:81
21,04,42,Send,UserID:1,bAssID:81
21,04,42,Send,UserID:2,bAssID:81
21,04,43,ShengYu,Run:1,All:0
21,04,43,Send,UserID:0,bAssID:81
21,04,43,Send,UserID:1,bAssID:81
21,04,43,Send,UserID:2,bAssID:81
21,04,45,Reply,UserID:1,bAssistantID:1
21,04,45,Reply,UserID:0,bAssistantID:1
21,04,46,ShengYu,Run:1,All:0
21,04,46,Send,UserID:0,bAssID:81
21,04,46,Send,UserID:1,bAssID:81
21,04,46,Send,UserID:2,bAssID:81
21,04,47,Reply,UserID:2,bAssistantID:1
21,04,47,GameProcEvent,nEventID:0
21,04,47,Send,UserID:0,bAssID:51
21,04,47,Send,UserID:1,bAssID:51
21,04,47,Send,UserID:2,bAssID:51
21,04,47,ShengYu,Run:1,All:0
21,04,47,Send,UserID:0,bAssID:81
21,04,47,Send,UserID:1,bAssID:81
21,04,47,Send,UserID:2,bAssID:81
21,04,47,GameBegin
21,04,48,GameProcEvent,nEventID:2
21,04,48,Send,UserID:0,bAssID:54
21,04,48,Send,UserID:1,bAssID:54
21,04,48,Send,UserID:2,bAssID:54
21,04,53,GameProcEvent,nEventID:3
21,04,53,Send,UserID:0,bAssID:55
21,04,53,Send,UserID:1,bAssID:55
21,04,53,Send,UserID:2,bAssID:55
21,04,54,GameProcEvent,nEventID:4
21,04,54,Send,UserID:0,bAssID:56
21,04,54,Send,UserID:1,bAssID:56
21,04,54,Send,UserID:2,bAssID:56
21,04,57,GameProcEvent,nEventID:5
21,04,57,LiangZhang,UserId:0,ShouPaiNumber:21,ShouPai:17 10 5 10 18 20 3 10 24 2 6 1 6 19 19 9 2 25 5 17 2 
21,04,57,Send,UserID:0,bAssID:57
21,04,57,LiangZhang,UserId:1,ShouPaiNumber:20,ShouPai:26 5 9 21 25 22 7 8 8 26 21 23 8 20 10 20 9 25 3 19 0 
21,04,57,Send,UserID:1,bAssID:57
21,04,57,LiangZhang,UserId:2,ShouPaiNumber:20,ShouPai:26 18 24 25 17 23 9 17 1 23 3 7 4 4 22 2 1 22 23 6 0 
21,04,57,Send,UserID:2,bAssID:57
21,04,57,GameProcEvent,nEventID:7
21,04,57,Send,UserID:0,bAssID:77
21,04,57,Send,UserID:1,bAssID:77
21,04,57,Send,UserID:2,bAssID:77
21,05,21,Reply,UserID:0,bAssistantID:77
21,05,21,GameProcEvent,nEventID:16
21,05,21,Send,UserID:0,bAssID:62
21,05,21,GameProcEvent,nEventID:8
21,05,21,Send,UserID:0,bAssID:78
21,05,21,Send,UserID:1,bAssID:78
21,05,21,Send,UserID:2,bAssID:78
21,05,21,GameProcEvent,nEventID:9
21,05,21,Send,UserID:0,bAssID:101
21,05,21,GameProcEvent,nEventID:9
21,05,21,Send,UserID:1,bAssID:101
21,05,21,GameProcEvent,nEventID:9
21,05,21,Send,UserID:2,bAssID:101
21,05,25,Reply,UserID:1,bAssistantID:60
21,05,25,GameProcEvent,nEventID:15
21,05,25,ChiPengHu,Station:1,bOperateType:200,Card:9
21,05,25,Send,UserID:0,bAssID:60
21,05,25,Send,UserID:1,bAssID:60
21,05,25,Send,UserID:2,bAssID:60
21,05,25,GameProcEvent,nEventID:7
21,05,25,Send,UserID:0,bAssID:77
21,05,25,Send,UserID:1,bAssID:77
21,05,25,Send,UserID:2,bAssID:77
21,05,35,Reply,UserID:1,bAssistantID:77
21,05,35,GameProcEvent,nEventID:16
21,05,35,Send,UserID:1,bAssID:62
21,05,35,GameProcEvent,nEventID:8
21,05,35,Send,UserID:0,bAssID:78
21,05,35,Send,UserID:1,bAssID:78
21,05,35,Send,UserID:2,bAssID:78
21,05,35,GameProcEvent,nEventID:9
21,05,35,Send,UserID:0,bAssID:101
21,05,35,GameProcEvent,nEventID:9
21,05,35,Send,UserID:1,bAssID:101
21,05,35,GameProcEvent,nEventID:9
21,05,35,Send,UserID:2,bAssID:101
21,05,45,Reply,UserID:0,bAssistantID:60
21,05,49,Reply,UserID:2,bAssistantID:60
21,05,49,GameProcEvent,nEventID:15
21,05,49,ChiPengHu,Station:2,bOperateType:200,Card:22
21,05,49,Send,UserID:0,bAssID:60
21,05,49,Send,UserID:1,bAssID:60
21,05,49,Send,UserID:2,bAssID:60
21,05,49,GameProcEvent,nEventID:7
21,05,49,Send,UserID:0,bAssID:77
21,05,49,Send,UserID:1,bAssID:77
21,05,49,Send,UserID:2,bAssID:77
21,05,57,Reply,UserID:2,bAssistantID:77
21,05,57,GameProcEvent,nEventID:16
21,05,57,Send,UserID:2,bAssID:62
21,05,57,GameProcEvent,nEventID:8
21,05,57,Send,UserID:0,bAssID:78
21,05,57,Send,UserID:1,bAssID:78
21,05,57,Send,UserID:2,bAssID:78
21,05,57,GameProcEvent,nEventID:9
21,05,57,Send,UserID:0,bAssID:101
21,05,57,GameProcEvent,nEventID:9
21,05,57,Send,UserID:1,bAssID:101
21,05,57,GameProcEvent,nEventID:9
21,05,57,Send,UserID:2,bAssID:101
21,06,02,Reply,UserID:1,bAssistantID:60
21,06,02,GameProcEvent,nEventID:16
21,06,02,Send,UserID:1,bAssID:62
21,06,02,GameProcEvent,nEventID:6
21,06,02,Send,UserID:0,bAssID:58
21,06,02,Send,UserID:1,bAssID:58
21,06,02,Send,UserID:2,bAssID:58
21,06,03,GameProcEvent,nEventID:13
21,06,03,WTP,UserID:1,WEI,bOperateCard:26,bBadWei:0
21,06,03,Send,UserID:0,bAssID:59
21,06,03,Send,UserID:1,bAssID:59
21,06,03,Send,UserID:2,bAssID:59
21,06,03,GameProcEvent,nEventID:7
21,06,03,Send,UserID:0,bAssID:77
21,06,03,Send,UserID:1,bAssID:77
21,06,03,Send,UserID:2,bAssID:77
21,06,23,Reply,UserID:1,bAssistantID:77
21,06,23,GameProcEvent,nEventID:16
21,06,23,Send,UserID:1,bAssID:62
21,06,23,GameProcEvent,nEventID:8
21,06,23,Send,UserID:0,bAssID:78
21,06,23,Send,UserID:1,bAssID:78
21,06,23,Send,UserID:2,bAssID:78
21,06,23,GameProcEvent,nEventID:9
21,06,23,Send,UserID:0,bAssID:101
21,06,23,GameProcEvent,nEventID:9
21,06,23,Send,UserID:1,bAssID:101
21,06,23,GameProcEvent,nEventID:9
21,06,23,Send,UserID:2,bAssID:101
21,06,33,Reply,UserID:0,bAssistantID:60
21,06,33,GameProcEvent,nEventID:16
21,06,33,Send,UserID:0,bAssID:62
21,06,33,GameProcEvent,nEventID:6
21,06,33,Send,UserID:0,bAssID:58
21,06,33,Send,UserID:1,bAssID:58
21,06,33,Send,UserID:2,bAssID:58
21,06,34,GameProcEvent,nEventID:12
21,06,34,WTP,UserID:2,PAO,bOperateCard:22,bInShowCardHavePT:1
21,06,34,Send,UserID:0,bAssID:59
21,06,34,Send,UserID:1,bAssID:59
21,06,34,Send,UserID:2,bAssID:59
21,06,34,GameProcEvent,nEventID:7
21,06,34,Send,UserID:0,bAssID:77
21,06,34,Send,UserID:1,bAssID:77
21,06,34,Send,UserID:2,bAssID:77
21,06,55,Reply,UserID:2,bAssistantID:77
21,06,55,GameProcEvent,nEventID:16
21,06,55,Send,UserID:2,bAssID:62
21,06,55,GameProcEvent,nEventID:8
21,06,55,Send,UserID:0,bAssID:78
21,06,55,Send,UserID:1,bAssID:78
21,06,55,Send,UserID:2,bAssID:78
21,06,56,GameProcEvent,nEventID:6
21,06,56,Send,UserID:0,bAssID:58
21,06,56,Send,UserID:1,bAssID:58
21,06,56,Send,UserID:2,bAssID:58
21,06,57,GameProcEvent,nEventID:6
21,06,57,Send,UserID:0,bAssID:58
21,06,57,Send,UserID:1,bAssID:58
21,06,57,Send,UserID:2,bAssID:58
21,06,58,GameProcEvent,nEventID:6
21,06,58,Send,UserID:0,bAssID:58
21,06,58,Send,UserID:1,bAssID:58
21,06,58,Send,UserID:2,bAssID:58
21,06,59,GameProcEvent,nEventID:13
21,06,59,WTP,UserID:2,WEI,bOperateCard:4,bBadWei:0
21,06,59,Send,UserID:0,bAssID:59
21,06,59,Send,UserID:1,bAssID:59
21,06,59,Send,UserID:2,bAssID:59
21,06,59,GameProcEvent,nEventID:7
21,06,59,Send,UserID:0,bAssID:77
21,06,59,Send,UserID:1,bAssID:77
21,06,59,Send,UserID:2,bAssID:77
21,07,14,Reply,UserID:2,bAssistantID:77
21,07,14,GameProcEvent,nEventID:16
21,07,14,Send,UserID:2,bAssID:62
21,07,14,GameProcEvent,nEventID:8
21,07,14,Send,UserID:0,bAssID:78
21,07,14,Send,UserID:1,bAssID:78
21,07,14,Send,UserID:2,bAssID:78
21,07,15,GameProcEvent,nEventID:6
21,07,15,Send,UserID:0,bAssID:58
21,07,15,Send,UserID:1,bAssID:58
21,07,15,Send,UserID:2,bAssID:58
21,07,15,GameProcEvent,nEventID:9
21,07,15,Send,UserID:0,bAssID:101
21,07,15,GameProcEvent,nEventID:9
21,07,15,Send,UserID:1,bAssID:101
21,07,15,GameProcEvent,nEventID:9
21,07,15,Send,UserID:2,bAssID:101
21,07,21,Reply,UserID:0,bAssistantID:60
21,07,29,Reply,UserID:2,bAssistantID:60
21,07,29,GameProcEvent,nEventID:1
21,07,29,SuanFen,UserId:0,ShouPai:17 10 5 10 18 20 3 10 24 2 6 1 6 19 19 2 2 25 5 17 0 
21,07,29,SuanFen,UserId:1,ShouPai:3 5 10 21 25 25 7 8 8 20 21 23 8 20 0 0 0 0 0 0 0 
21,07,29,SuanFen,UserId:2,ShouPai:26 6 24 25 17 23 23 17 1 23 3 7 2 0 0 0 0 0 0 0 0 
21,07,29,SuanFen,UserId:2,HuPai:5,Show:4_22 3_4 ,Hand:,KeZiNumber:1,ShowCardNumber:2,HandCardNumber:3
21,07,29,SuanFen,Win:2,DianPao:-1
21,07,29,SuanFen,UserId:2,HuXi:19,TotleDS:2,FanPoint:1,Money:-2_-2_4,HuType:0x0001
21,07,29,Send,UserID:0,bAssID:84
21,07,29,Send,UserID:1,bAssID:84
21,07,29,Send,UserID:2,bAssID:84
21,07,29,ShengYu,Run:1,All:0
21,07,29,Send,UserID:0,bAssID:81
21,07,29,Send,UserID:1,bAssID:81
21,07,29,Send,UserID:2,bAssID:81
21,08,07,ShengYu,Run:1,All:0
21,08,07,Send,UserID:0,bAssID:81
21,08,07,Send,UserID:1,bAssID:81
21,08,07,Send,UserID:2,bAssID:81
21,08,07,ShengYu,Run:1,All:0
21,08,07,Send,UserID:0,bAssID:81
21,08,07,Send,UserID:1,bAssID:81
21,08,07,Send,UserID:2,bAssID:81
21,08,09,ShengYu,Run:1,All:0
21,08,09,Send,UserID:0,bAssID:81
21,08,09,Send,UserID:1,bAssID:81
21,08,09,Send,UserID:2,bAssID:81
21,08,09,Reply,UserID:1,bAssistantID:1
21,08,10,Reply,UserID:0,bAssistantID:1
21,08,10,Reply,UserID:2,bAssistantID:1
21,08,10,GameProcEvent,nEventID:0
21,08,10,Send,UserID:0,bAssID:51
21,08,10,Send,UserID:1,bAssID:51
21,08,10,Send,UserID:2,bAssID:51
21,08,10,ShengYu,Run:1,All:0
21,08,10,Send,UserID:0,bAssID:81
21,08,10,Send,UserID:1,bAssID:81
21,08,10,Send,UserID:2,bAssID:81
21,08,10,GameBegin
21,08,11,GameProcEvent,nEventID:2
21,08,11,Send,UserID:0,bAssID:54
21,08,11,Send,UserID:1,bAssID:54
21,08,11,Send,UserID:2,bAssID:54
21,08,16,GameProcEvent,nEventID:3
21,08,16,Send,UserID:0,bAssID:55
21,08,16,Send,UserID:1,bAssID:55
21,08,16,Send,UserID:2,bAssID:55
21,08,17,GameProcEvent,nEventID:4
21,08,17,Send,UserID:0,bAssID:56
21,08,17,Send,UserID:1,bAssID:56
21,08,17,Send,UserID:2,bAssID:56
21,08,20,GameProcEvent,nEventID:5
21,08,20,LiangZhang,UserId:0,ShouPaiNumber:21,ShouPai:3 17 19 26 7 9 18 6 7 1 20 10 24 25 26 23 6 6 9 3 19 
21,08,20,Send,UserID:0,bAssID:57
21,08,20,LiangZhang,UserId:1,ShouPaiNumber:20,ShouPai:21 8 9 8 4 20 20 4 17 1 18 5 7 17 21 3 22 17 24 10 0 
21,08,20,Send,UserID:1,bAssID:57
21,08,20,LiangZhang,UserId:2,ShouPaiNumber:20,ShouPai:2 1 18 3 23 4 6 22 20 25 24 22 1 21 26 21 4 5 23 5 0 
21,08,20,Send,UserID:2,bAssID:57
21,08,20,GameProcEvent,nEventID:7
21,08,20,Send,UserID:0,bAssID:77
21,08,20,Send,UserID:1,bAssID:77
21,08,20,Send,UserID:2,bAssID:77
21,08,52,Reply,UserID:0,bAssistantID:77
21,08,52,GameProcEvent,nEventID:16
21,08,52,Send,UserID:0,bAssID:62
21,08,52,GameProcEvent,nEventID:8
21,08,52,Send,UserID:0,bAssID:78
21,08,52,Send,UserID:1,bAssID:78
21,08,52,Send,UserID:2,bAssID:78
21,08,52,GameProcEvent,nEventID:9
21,08,52,Send,UserID:0,bAssID:101
21,08,52,GameProcEvent,nEventID:9
21,08,52,Send,UserID:1,bAssID:101
21,08,52,GameProcEvent,nEventID:9
21,08,52,Send,UserID:2,bAssID:101
21,08,55,Reply,UserID:1,bAssistantID:60
21,08,55,GameProcEvent,nEventID:15
21,08,55,ChiPengHu,Station:1,bOperateType:200,Card:20
21,08,55,Send,UserID:0,bAssID:60
21,08,55,Send,UserID:1,bAssID:60
21,08,55,Send,UserID:2,bAssID:60
21,08,55,GameProcEvent,nEventID:7
21,08,55,Send,UserID:0,bAssID:77
21,08,55,Send,UserID:1,bAssID:77
21,08,55,Send,UserID:2,bAssID:77
21,09,02,Reply,UserID:1,bAssistantID:77
21,09,02,GameProcEvent,nEventID:16
21,09,02,Send,UserID:1,bAssID:62
21,09,02,GameProcEvent,nEventID:8
21,09,02,Send,UserID:0,bAssID:78
21,09,02,Send,UserID:1,bAssID:78
21,09,02,Send,UserID:2,bAssID:78
21,09,02,GameProcEvent,nEventID:9
21,09,02,Send,UserID:0,bAssID:101
21,09,02,GameProcEvent,nEventID:9
21,09,02,Send,UserID:1,bAssID:101
21,09,02,GameProcEvent,nEventID:9
21,09,02,Send,UserID:2,bAssID:101
21,09,06,Reply,UserID:0,bAssistantID:60
21,09,06,GameProcEvent,nEventID:15
21,09,06,ChiPengHu,Station:0,bOperateType:200,Card:9
21,09,06,Send,UserID:0,bAssID:60
21,09,06,Send,UserID:1,bAssID:60
21,09,06,Send,UserID:2,bAssID:60
21,09,06,GameProcEvent,nEventID:7
21,09,06,Send,UserID:0,bAssID:77
21,09,06,Send,UserID:1,bAssID:77
21,09,06,Send,UserID:2,bAssID:77
21,09,17,Reply,UserID:0,bAssistantID:77
21,09,17,GameProcEvent,nEventID:16
21,09,17,Send,UserID:0,bAssID:62
21,09,17,GameProcEvent,nEventID:8
21,09,17,Send,UserID:0,bAssID:78
21,09,17,Send,UserID:1,bAssID:78
21,09,17,Send,UserID:2,bAssID:78
21,09,17,GameProcEvent,nEventID:9
21,09,17,Send,UserID:0,bAssID:101
21,09,17,GameProcEvent,nEventID:9
21,09,17,Send,UserID:1,bAssID:101
21,09,17,GameProcEvent,nEventID:9
21,09,17,Send,UserID:2,bAssID:101
21,09,46,Reply,UserID:2,bAssistantID:60
21,09,46,GameProcEvent,nEventID:14
21,09,46,ChiPengHu,Station:2,bOperateType:100,Card:19
21,09,46,Send,UserID:0,bAssID:60
21,09,46,Send,UserID:1,bAssID:60
21,09,46,Send,UserID:2,bAssID:60
21,09,46,GameProcEvent,nEventID:7
21,09,46,Send,UserID:0,bAssID:77
21,09,46,Send,UserID:1,bAssID:77
21,09,46,Send,UserID:2,bAssID:77
21,10,37,Reply,UserID:2,bAssistantID:77
21,10,37,GameProcEvent,nEventID:16
21,10,37,Send,UserID:2,bAssID:62
21,10,37,GameProcEvent,nEventID:8
21,10,37,Send,UserID:0,bAssID:78
21,10,37,Send,UserID:1,bAssID:78
21,10,37,Send,UserID:2,bAssID:78
21,10,37,GameProcEvent,nEventID:9
21,10,37,Send,UserID:0,bAssID:101
21,10,37,GameProcEvent,nEventID:9
21,10,37,Send,UserID:1,bAssID:101
21,10,37,GameProcEvent,nEventID:9
21,10,37,Send,UserID:2,bAssID:101
21,10,58,Reply,UserID:1,bAssistantID:60
21,10,58,GameProcEvent,nEventID:14
21,10,58,ChiPengHu,Station:1,bOperateType:100,Card:23
21,10,58,Send,UserID:0,bAssID:60
21,10,58,Send,UserID:1,bAssID:60
21,10,58,Send,UserID:2,bAssID:60
21,10,58,GameProcEvent,nEventID:7
21,10,58,Send,UserID:0,bAssID:77
21,10,58,Send,UserID:1,bAssID:77
21,10,58,Send,UserID:2,bAssID:77
21,11,10,Reply,UserID:1,bAssistantID:77
21,11,10,GameProcEvent,nEventID:16
21,11,10,Send,UserID:1,bAssID:62
21,11,10,GameProcEvent,nEventID:8
21,11,10,Send,UserID:0,bAssID:78
21,11,10,Send,UserID:1,bAssID:78
21,11,10,Send,UserID:2,bAssID:78
21,11,10,GameProcEvent,nEventID:9
21,11,10,Send,UserID:0,bAssID:101
21,11,10,GameProcEvent,nEventID:9
21,11,10,Send,UserID:1,bAssID:101
21,11,10,GameProcEvent,nEventID:9
21,11,10,Send,UserID:2,bAssID:101
21,11,38,Reply,UserID:0,bAssistantID:60
21,11,38,GameProcEvent,nEventID:14
21,11,38,ChiPengHu,Station:0,bOperateType:100,Card:18
21,11,38,Send,UserID:0,bAssID:60
21,11,38,Send,UserID:1,bAssID:60
21,11,38,Send,UserID:2,bAssID:60
21,11,38,GameProcEvent,nEventID:7
21,11,38,Send,UserID:0,bAssID:77
21,11,38,Send,UserID:1,bAssID:77
21,11,38,Send,UserID:2,bAssID:77
21,12,02,Reply,UserID:0,bAssistantID:77
21,12,02,GameProcEvent,nEventID:16
21,12,02,Send,UserID:0,bAssID:62
21,12,02,GameProcEvent,nEventID:8
21,12,02,Send,UserID:0,bAssID:78
21,12,02,Send,UserID:1,bAssID:78
21,12,02,Send,UserID:2,bAssID:78
21,12,02,GameProcEvent,nEventID:9
21,12,02,Send,UserID:0,bAssID:101
21,12,02,GameProcEvent,nEventID:9
21,12,02,Send,UserID:1,bAssID:101
21,12,02,GameProcEvent,nEventID:9
21,12,02,Send,UserID:2,bAssID:101
21,12,19,Reply,UserID:2,bAssistantID:60
21,12,19,GameProcEvent,nEventID:16
21,12,19,Send,UserID:2,bAssID:62
21,12,19,GameProcEvent,nEventID:6
21,12,19,Send,UserID:0,bAssID:58
21,12,19,Send,UserID:1,bAssID:58
21,12,19,Send,UserID:2,bAssID:58
21,12,19,GameProcEvent,nEventID:9
21,12,19,Send,UserID:0,bAssID:101
21,12,19,GameProcEvent,nEventID:9
21,12,19,Send,UserID:1,bAssID:101
21,12,19,GameProcEvent,nEventID:9
21,12,19,Send,UserID:2,bAssID:101
21,12,26,Reply,UserID:1,bAssistantID:60
21,12,26,GameProcEvent,nEventID:16
21,12,26,Send,UserID:1,bAssID:62
21,12,26,GameProcEvent,nEventID:6
21,12,26,Send,UserID:0,bAssID:58
21,12,26,Send,UserID:1,bAssID:58
21,12,26,Send,UserID:2,bAssID:58
21,12,27,GameProcEvent,nEventID:6
21,12,27,Send,UserID:0,bAssID:58
21,12,27,Send,UserID:1,bAssID:58
21,12,27,Send,UserID:2,bAssID:58
21,12,27,GameProcEvent,nEventID:9
21,12,27,Send,UserID:0,bAssID:101
21,12,27,GameProcEvent,nEventID:9
21,12,27,Send,UserID:1,bAssID:101
21,12,27,GameProcEvent,nEventID:9
21,12,27,Send,UserID:2,bAssID:101
21,12,46,Reply,UserID:0,bAssistantID:60
21,12,46,GameProcEvent,nEventID:14
21,12,46,ChiPengHu,Station:0,bOperateType:100,Card:2
21,12,46,Send,UserID:0,bAssID:60
21,12,46,Send,UserID:1,bAssID:60
21,12,46,Send,UserID:2,bAssID:60
21,12,46,GameProcEvent,nEventID:7
21,12,46,Send,UserID:0,bAssID:77
21,12,46,Send,UserID:1,bAssID:77
21,12,46,Send,UserID:2,bAssID:77
21,12,52,Reply,UserID:0,bAssistantID:77
21,12,52,GameProcEvent,nEventID:16
21,12,52,Send,UserID:0,bAssID:62
21,12,52,GameProcEvent,nEventID:8
21,12,52,Send,UserID:0,bAssID:78
21,12,52,Send,UserID:1,bAssID:78
21,12,52,Send,UserID:2,bAssID:78
21,12,52,GameProcEvent,nEventID:9
21,12,52,Send,UserID:0,bAssID:101
21,12,52,GameProcEvent,nEventID:9
21,12,52,Send,UserID:1,bAssID:101
21,12,52,GameProcEvent,nEventID:9
21,12,52,Send,UserID:2,bAssID:101
21,13,20,Reply,UserID:2,bAssistantID:60
21,13,20,GameProcEvent,nEventID:14
21,13,20,ChiPengHu,Station:2,bOperateType:100,Card:7
21,13,20,Send,UserID:0,bAssID:60
21,13,20,Send,UserID:1,bAssID:60
21,13,20,Send,UserID:2,bAssID:60
21,13,20,GameProcEvent,nEventID:7
21,13,20,Send,UserID:0,bAssID:77
21,13,20,Send,UserID:1,bAssID:77
21,13,20,Send,UserID:2,bAssID:77
21,13,29,Reply,UserID:2,bAssistantID:77
21,13,29,GameProcEvent,nEventID:16
21,13,29,Send,UserID:2,bAssID:62
21,13,29,GameProcEvent,nEventID:8
21,13,29,Send,UserID:0,bAssID:78
21,13,29,Send,UserID:1,bAssID:78
21,13,29,Send,UserID:2,bAssID:78
21,13,30,GameProcEvent,nEventID:6
21,13,30,Send,UserID:0,bAssID:58
21,13,30,Send,UserID:1,bAssID:58
21,13,30,Send,UserID:2,bAssID:58
21,13,30,GameProcEvent,nEventID:9
21,13,30,Send,UserID:0,bAssID:101
21,13,30,GameProcEvent,nEventID:9
21,13,30,Send,UserID:1,bAssID:101
21,13,30,GameProcEvent,nEventID:9
21,13,30,Send,UserID:2,bAssID:101
21,13,32,Reply,UserID:1,bAssistantID:60
21,14,27,Reply,UserID:0,bAssistantID:60
21,14,27,GameProcEvent,nEventID:1
21,14,27,SuanFen,UserId:0,ShouPai:10 25 6 26 7 6 24 6 0 0 0 0 0 0 0 0 0 0 0 0 0 
21,14,27,SuanFen,UserId:1,ShouPai:21 8 17 8 4 10 3 4 17 1 21 5 7 17 0 0 0 0 0 0 0 
21,14,27,SuanFen,UserId:2,ShouPai:2 26 18 3 4 4 21 22 23 25 24 22 1 5 0 0 0 0 0 0 0 
21,14,27,SuanFen,UserId:0,HuPai:2,Show:2_9 1_19 1_26 1_3 ,Hand: EQS_2,KeZiNumber:1,ShowCardNumber:4,HandCardNumber:2
21,14,27,SuanFen,Win:0,DianPao:-1
21,14,27,SuanFen,UserId:0,HuXi:22,TotleDS:3,FanPoint:1,Money:6_-3_-3,HuType:0x0001
21,14,27,Send,UserID:0,bAssID:84
21,14,27,Send,UserID:1,bAssID:84
21,14,27,Send,UserID:2,bAssID:84
21,14,27,ShengYu,Run:1,All:0
21,14,27,Send,UserID:0,bAssID:81
21,14,27,Send,UserID:1,bAssID:81
21,14,27,Send,UserID:2,bAssID:81
