17,25,50,Send,UserID:0,bAssID=181,
17,25,53,Reply,UserId=0,bAssID=1,    ///用户同意		 
17,26,04,Send,UserID:0,bAssID=181,
17,26,04,Send,UserID:1,bAssID=181,
17,26,04,Send,UserID:2,bAssID=181,
17,26,08,Send,UserID:0,bAssID=181,
17,26,08,Send,UserID:1,bAssID=181,
17,26,08,Send,UserID:2,bAssID=181,
17,26,08,Reply,UserId=1,bAssID=1,    ///用户同意		 
17,26,12,Reply,UserId=2,bAssID=1,    ///用户同意		 
17,26,13,Send,UserID:0,bAssID=120,	//升级游戏开始	   
17,26,13,Send,UserID:1,bAssID=120,	//升级游戏开始	   
17,26,13,Send,UserID:2,bAssID=120,	//升级游戏开始	   
17,26,13,Send,UserID:0,bAssID=170,	//通知客户端票分							
17,26,13,Send,UserID:1,bAssID=170,	//通知客户端票分							
17,26,13,Send,UserID:2,bAssID=170,	//通知客户端票分							
17,26,29,Reply,UserId=1,bAssID=166,	//漂分请求//漂分回复					   
17,26,29,Send,UserID:0,bAssID=166,	//漂分请求//漂分回复					   
17,26,29,Send,UserID:1,bAssID=166,	//漂分请求//漂分回复					   
17,26,29,Send,UserID:2,bAssID=166,	//漂分请求//漂分回复					   
17,26,30,Reply,UserId=2,bAssID=166,	//漂分请求//漂分回复					   
17,26,30,Send,UserID:0,bAssID=166,	//漂分请求//漂分回复					   
17,26,30,Send,UserID:1,bAssID=166,	//漂分请求//漂分回复					   
17,26,30,Send,UserID:2,bAssID=166,	//漂分请求//漂分回复					   
17,26,30,Reply,UserId=0,bAssID=166,	//漂分请求//漂分回复					   
17,26,30,Send,UserID:0,bAssID=166,	//漂分请求//漂分回复					   
17,26,30,Send,UserID:1,bAssID=166,	//漂分请求//漂分回复					   
17,26,30,Send,UserID:2,bAssID=166,	//漂分请求//漂分回复					   
17,26,31,Send,UserID:0,bAssID=121,	//确定至筛子点数	  
17,26,31,Send,UserID:1,bAssID=121,	//确定至筛子点数	  
17,26,31,Send,UserID:2,bAssID=121,	//确定至筛子点数	  
17,26,34,Send,UserID:0,bAssID=122,	//发牌消息			 
17,26,34,Send,UserID:1,bAssID=122,	//发牌消息			 
17,26,34,Send,UserID:2,bAssID=122,	//发牌消息			 
17,26,35,Send,UserID:0,bAssID=123,	//通知开始出牌	   
17,26,35,Send,UserID:1,bAssID=123,	//通知开始出牌	   
17,26,35,Send,UserID:2,bAssID=123,	//通知开始出牌	   
17,26,37,Reply,UserId=1,bAssID=125,	//玩家出牌			 
17,26,37,Send,UserID:0,bAssID=126,	//玩家出牌结果 	   
17,26,37,Send,UserID:1,bAssID=126,	//玩家出牌结果 	   
17,26,37,Send,UserID:2,bAssID=126,	//玩家出牌结果 	   
17,26,38,Send,UserID:0,bAssID=127,	//抓牌			   
17,26,38,Send,UserID:1,bAssID=127,	//抓牌			   
17,26,38,Send,UserID:2,bAssID=127,	//抓牌			   
17,26,39,Reply,UserId=0,bAssID=125,	//玩家出牌			 
17,26,39,Send,UserID:0,bAssID=126,	//玩家出牌结果 	   
17,26,39,Send,UserID:1,bAssID=126,	//玩家出牌结果 	   
17,26,39,Send,UserID:2,bAssID=126,	//玩家出牌结果 	   
17,26,39,Send,UserID:0,bAssID=127,	//抓牌			   
17,26,39,Send,UserID:1,bAssID=127,	//抓牌			   
17,26,39,Send,UserID:2,bAssID=127,	//抓牌			   
17,26,40,Reply,UserId=2,bAssID=125,	//玩家出牌			 
17,26,40,Send,UserID:0,bAssID=126,	//玩家出牌结果 	   
17,26,40,Send,UserID:1,bAssID=126,	//玩家出牌结果 	   
17,26,40,Send,UserID:2,bAssID=126,	//玩家出牌结果 	   
17,26,41,Send,UserID:0,bAssID=127,	//抓牌			   
17,26,41,Send,UserID:1,bAssID=127,	//抓牌			   
17,26,41,Send,UserID:2,bAssID=127,	//抓牌			   
17,26,41,Reply,UserId=1,bAssID=125,	//玩家出牌			 
17,26,41,Send,UserID:0,bAssID=126,	//玩家出牌结果 	   
17,26,41,Send,UserID:1,bAssID=126,	//玩家出牌结果 	   
17,26,41,Send,UserID:2,bAssID=126,	//玩家出牌结果 	   
17,26,42,Send,UserID:0,bAssID=127,	//抓牌			   
17,26,42,Send,UserID:1,bAssID=127,	//抓牌			   
17,26,42,Send,UserID:2,bAssID=127,	//抓牌			   
17,26,45,Reply,UserId=0,bAssID=125,	//玩家出牌			 
17,26,45,Send,UserID:0,bAssID=126,	//玩家出牌结果 	   
17,26,45,Send,UserID:1,bAssID=126,	//玩家出牌结果 	   
17,26,45,Send,UserID:2,bAssID=126,	//玩家出牌结果 	   
17,26,45,Send,UserID:0,bAssID=127,	//抓牌			   
17,26,45,Send,UserID:1,bAssID=127,	//抓牌			   
17,26,45,Send,UserID:2,bAssID=127,	//抓牌			   
17,26,46,Reply,UserId=2,bAssID=125,	//玩家出牌			 
17,26,46,Send,UserID:0,bAssID=126,	//玩家出牌结果 	   
17,26,46,Send,UserID:1,bAssID=126,	//玩家出牌结果 	   
17,26,46,Send,UserID:2,bAssID=126,	//玩家出牌结果 	   
17,26,47,Send,UserID:0,bAssID=127,	//抓牌			   
17,26,47,Send,UserID:1,bAssID=127,	//抓牌			   
17,26,47,Send,UserID:2,bAssID=127,	//抓牌			   
17,26,49,Reply,UserId=1,bAssID=125,	//玩家出牌			 
17,26,49,Send,UserID:0,bAssID=126,	//玩家出牌结果 	   
17,26,49,Send,UserID:1,bAssID=126,	//玩家出牌结果 	   
17,26,49,Send,UserID:2,bAssID=126,	//玩家出牌结果 	   
17,26,49,Send,UserID:0,bAssID=127,	//抓牌			   
17,26,49,Send,UserID:1,bAssID=127,	//抓牌			   
17,26,49,Send,UserID:2,bAssID=127,	//抓牌			   
17,26,53,Reply,UserId=0,bAssID=125,	//玩家出牌			 
17,26,53,Send,UserID:0,bAssID=126,	//玩家出牌结果 	   
17,26,53,Send,UserID:1,bAssID=126,	//玩家出牌结果 	   
17,26,53,Send,UserID:2,bAssID=126,	//玩家出牌结果 	   
17,26,54,Send,UserID:0,bAssID=127,	//抓牌			   
17,26,54,Send,UserID:1,bAssID=127,	//抓牌			   
17,26,54,Send,UserID:2,bAssID=127,	//抓牌			   
17,26,57,Reply,UserId=2,bAssID=125,	//玩家出牌			 
17,26,57,Send,UserID:0,bAssID=126,	//玩家出牌结果 	   
17,26,57,Send,UserID:1,bAssID=126,	//玩家出牌结果 	   
17,26,57,Send,UserID:2,bAssID=126,	//玩家出牌结果 	   
17,26,57,Send,UserID:0,bAssID=127,	//抓牌			   
17,26,57,Send,UserID:1,bAssID=127,	//抓牌			   
17,26,57,Send,UserID:2,bAssID=127,	//抓牌			   
17,27,03,Reply,UserId=1,bAssID=125,	//玩家出牌			 
17,27,03,Send,UserID:0,bAssID=126,	//玩家出牌结果 	   
17,27,03,Send,UserID:1,bAssID=126,	//玩家出牌结果 	   
17,27,03,Send,UserID:2,bAssID=126,	//玩家出牌结果 	   
17,27,03,Send,UserID:0,bAssID=127,	//抓牌			   
17,27,03,Send,UserID:1,bAssID=127,	//抓牌			   
17,27,03,Send,UserID:2,bAssID=127,	//抓牌			   
17,27,04,Reply,UserId=0,bAssID=125,	//玩家出牌			 
17,27,04,Send,UserID:0,bAssID=126,	//玩家出牌结果 	   
17,27,04,Send,UserID:1,bAssID=126,	//玩家出牌结果 	   
17,27,04,Send,UserID:2,bAssID=126,	//玩家出牌结果 	   
17,27,05,Send,UserID:0,bAssID=127,	//抓牌			   
17,27,05,Send,UserID:1,bAssID=127,	//抓牌			   
17,27,05,Send,UserID:2,bAssID=127,	//抓牌			   
17,27,06,Reply,UserId=2,bAssID=125,	//玩家出牌			 
17,27,06,Send,UserID:0,bAssID=126,	//玩家出牌结果 	   
17,27,06,Send,UserID:1,bAssID=126,	//玩家出牌结果 	   
17,27,06,Send,UserID:2,bAssID=126,	//玩家出牌结果 	   
17,27,07,Send,UserID:0,bAssID=127,	//抓牌			   
17,27,07,Send,UserID:1,bAssID=127,	//抓牌			   
17,27,07,Send,UserID:2,bAssID=127,	//抓牌			   
17,27,09,Reply,UserId=1,bAssID=125,	//玩家出牌			 
17,27,09,Send,UserID:0,bAssID=126,	//玩家出牌结果 	   
17,27,09,Send,UserID:1,bAssID=126,	//玩家出牌结果 	   
17,27,09,Send,UserID:2,bAssID=126,	//玩家出牌结果 	   
17,27,09,Send,UserID:0,bAssID=127,	//抓牌			   
17,27,09,Send,UserID:1,bAssID=127,	//抓牌			   
17,27,09,Send,UserID:2,bAssID=127,	//抓牌			   
17,27,09,Send,UserID:0,bAssID=128,	//碰杠明胡动作消息	 
17,27,10,Reply,UserId=0,bAssID=150,	//玩家拦牌动作	   
17,27,10,Send,UserID:0,bAssID=130,	//明牌结果消息	   
17,27,10,Send,UserID:1,bAssID=130,	//明牌结果消息	   
17,27,10,Send,UserID:2,bAssID=130,	//明牌结果消息	   
17,27,12,Reply,UserId=0,bAssID=167,	//选择刻子请求//选择刻子回复			   
17,27,12,Send,UserID:0,bAssID=168,	//服务器通知能胡的牌//客户端回复			 
17,27,12,Send,UserID:1,bAssID=168,	//服务器通知能胡的牌//客户端回复			 
17,27,12,Send,UserID:2,bAssID=168,	//服务器通知能胡的牌//客户端回复			 
17,27,12,Send,UserID:0,bAssID=126,	//玩家出牌结果 	   
17,27,12,Send,UserID:1,bAssID=126,	//玩家出牌结果 	   
17,27,12,Send,UserID:2,bAssID=126,	//玩家出牌结果 	   
17,27,12,Send,UserID:0,bAssID=127,	//抓牌			   
17,27,12,Send,UserID:1,bAssID=127,	//抓牌			   
17,27,12,Send,UserID:2,bAssID=127,	//抓牌			   
17,27,14,Reply,UserId=2,bAssID=125,	//玩家出牌			 
17,27,14,Send,UserID:0,bAssID=126,	//玩家出牌结果 	   
17,27,14,Send,UserID:1,bAssID=126,	//玩家出牌结果 	   
17,27,14,Send,UserID:2,bAssID=126,	//玩家出牌结果 	   
17,27,15,Send,UserID:0,bAssID=127,	//抓牌			   
17,27,15,Send,UserID:1,bAssID=127,	//抓牌			   
17,27,15,Send,UserID:2,bAssID=127,	//抓牌			   
17,27,17,Reply,UserId=1,bAssID=125,	//玩家出牌			 
17,27,17,Send,UserID:0,bAssID=126,	//玩家出牌结果 	   
17,27,17,Send,UserID:1,bAssID=126,	//玩家出牌结果 	   
17,27,17,Send,UserID:2,bAssID=126,	//玩家出牌结果 	   
17,27,18,Send,UserID:0,bAssID=127,	//抓牌			   
17,27,18,Send,UserID:1,bAssID=127,	//抓牌			   
17,27,18,Send,UserID:2,bAssID=127,	//抓牌			   
17,27,19,Send,UserID:0,bAssID=126,	//玩家出牌结果 	   
17,27,19,Send,UserID:1,bAssID=126,	//玩家出牌结果 	   
17,27,19,Send,UserID:2,bAssID=126,	//玩家出牌结果 	   
17,27,19,Send,UserID:0,bAssID=127,	//抓牌			   
17,27,19,Send,UserID:1,bAssID=127,	//抓牌			   
17,27,19,Send,UserID:2,bAssID=127,	//抓牌			   
17,27,22,Reply,UserId=2,bAssID=125,	//玩家出牌			 
17,27,22,Send,UserID:0,bAssID=126,	//玩家出牌结果 	   
17,27,22,Send,UserID:1,bAssID=126,	//玩家出牌结果 	   
17,27,22,Send,UserID:2,bAssID=126,	//玩家出牌结果 	   
17,27,22,Send,UserID:1,bAssID=128,	//碰杠明胡动作消息	 
17,27,23,Reply,UserId=1,bAssID=150,	//玩家拦牌动作	   
17,27,23,Send,UserID:0,bAssID=129,	//动作结果消息	   
17,27,23,Send,UserID:1,bAssID=129,	//动作结果消息	   
17,27,23,Send,UserID:2,bAssID=129,	//动作结果消息	   
17,27,23,Send,UserID:0,bAssID=124,	//通知玩家出牌	   
17,27,23,Send,UserID:1,bAssID=124,	//通知玩家出牌	   
17,27,23,Send,UserID:2,bAssID=124,	//通知玩家出牌	   
17,27,25,Reply,UserId=1,bAssID=125,	//玩家出牌			 
17,27,25,Send,UserID:0,bAssID=126,	//玩家出牌结果 	   
17,27,25,Send,UserID:1,bAssID=126,	//玩家出牌结果 	   
17,27,25,Send,UserID:2,bAssID=126,	//玩家出牌结果 	   
17,27,25,Send,UserID:0,bAssID=127,	//抓牌			   
17,27,25,Send,UserID:1,bAssID=127,	//抓牌			   
17,27,25,Send,UserID:2,bAssID=127,	//抓牌			   
17,27,26,Send,UserID:0,bAssID=126,	//玩家出牌结果 	   
17,27,26,Send,UserID:1,bAssID=126,	//玩家出牌结果 	   
17,27,26,Send,UserID:2,bAssID=126,	//玩家出牌结果 	   
17,27,26,Send,UserID:0,bAssID=127,	//抓牌			   
17,27,26,Send,UserID:1,bAssID=127,	//抓牌			   
17,27,26,Send,UserID:2,bAssID=127,	//抓牌			   
17,27,28,Reply,UserId=2,bAssID=125,	//玩家出牌			 
17,27,28,Send,UserID:0,bAssID=126,	//玩家出牌结果 	   
17,27,28,Send,UserID:1,bAssID=126,	//玩家出牌结果 	   
17,27,28,Send,UserID:2,bAssID=126,	//玩家出牌结果 	   
17,27,28,Send,UserID:0,bAssID=127,	//抓牌			   
17,27,28,Send,UserID:1,bAssID=127,	//抓牌			   
17,27,28,Send,UserID:2,bAssID=127,	//抓牌			   
17,27,29,Reply,UserId=1,bAssID=125,	//玩家出牌			 
17,27,29,Send,UserID:0,bAssID=126,	//玩家出牌结果 	   
17,27,29,Send,UserID:1,bAssID=126,	//玩家出牌结果 	   
17,27,29,Send,UserID:2,bAssID=126,	//玩家出牌结果 	   
17,27,29,Send,UserID:0,bAssID=127,	//抓牌			   
17,27,29,Send,UserID:1,bAssID=127,	//抓牌			   
17,27,29,Send,UserID:2,bAssID=127,	//抓牌			   
17,27,30,Send,UserID:0,bAssID=126,	//玩家出牌结果 	   
17,27,30,Send,UserID:1,bAssID=126,	//玩家出牌结果 	   
17,27,30,Send,UserID:2,bAssID=126,	//玩家出牌结果 	   
17,27,30,Send,UserID:0,bAssID=127,	//抓牌			   
17,27,30,Send,UserID:1,bAssID=127,	//抓牌			   
17,27,30,Send,UserID:2,bAssID=127,	//抓牌			   
17,27,30,Send,UserID:2,bAssID=128,	//碰杠明胡动作消息	 
17,27,31,Reply,UserId=2,bAssID=150,	//玩家拦牌动作	   
17,27,31,Send,UserID:0,bAssID=130,	//明牌结果消息	   
17,27,31,Send,UserID:1,bAssID=130,	//明牌结果消息	   
17,27,31,Send,UserID:2,bAssID=130,	//明牌结果消息	   
17,27,33,Reply,UserId=2,bAssID=167,	//选择刻子请求//选择刻子回复			   
17,27,33,Send,UserID:0,bAssID=168,	//服务器通知能胡的牌//客户端回复			 
17,27,33,Send,UserID:1,bAssID=168,	//服务器通知能胡的牌//客户端回复			 
17,27,33,Send,UserID:2,bAssID=168,	//服务器通知能胡的牌//客户端回复			 
17,27,33,Send,UserID:0,bAssID=126,	//玩家出牌结果 	   
17,27,33,Send,UserID:1,bAssID=126,	//玩家出牌结果 	   
17,27,33,Send,UserID:2,bAssID=126,	//玩家出牌结果 	   
17,27,33,Send,UserID:0,bAssID=127,	//抓牌			   
17,27,33,Send,UserID:1,bAssID=127,	//抓牌			   
17,27,33,Send,UserID:2,bAssID=127,	//抓牌			   
17,27,35,Reply,UserId=1,bAssID=125,	//玩家出牌			 
17,27,35,Send,UserID:0,bAssID=126,	//玩家出牌结果 	   
17,27,35,Send,UserID:1,bAssID=126,	//玩家出牌结果 	   
17,27,35,Send,UserID:2,bAssID=126,	//玩家出牌结果 	   
17,27,35,Send,UserID:0,bAssID=127,	//抓牌			   
17,27,35,Send,UserID:1,bAssID=127,	//抓牌			   
17,27,35,Send,UserID:2,bAssID=127,	//抓牌			   
17,27,36,Send,UserID:0,bAssID=126,	//玩家出牌结果 	   
17,27,36,Send,UserID:1,bAssID=126,	//玩家出牌结果 	   
17,27,36,Send,UserID:2,bAssID=126,	//玩家出牌结果 	   
17,27,36,Send,UserID:0,bAssID=127,	//抓牌			   
17,27,36,Send,UserID:1,bAssID=127,	//抓牌			   
17,27,36,Send,UserID:2,bAssID=127,	//抓牌			   
17,27,37,Send,UserID:0,bAssID=126,	//玩家出牌结果 	   
17,27,37,Send,UserID:1,bAssID=126,	//玩家出牌结果 	   
17,27,37,Send,UserID:2,bAssID=126,	//玩家出牌结果 	   
17,27,37,Send,UserID:0,bAssID=127,	//抓牌			   
17,27,37,Send,UserID:1,bAssID=127,	//抓牌			   
17,27,37,Send,UserID:2,bAssID=127,	//抓牌			   
17,27,38,Reply,UserId=1,bAssID=125,	//玩家出牌			 
17,27,38,Send,UserID:0,bAssID=126,	//玩家出牌结果 	   
17,27,38,Send,UserID:1,bAssID=126,	//玩家出牌结果 	   
17,27,38,Send,UserID:2,bAssID=126,	//玩家出牌结果 	   
17,27,39,Send,UserID:0,bAssID=127,	//抓牌			   
17,27,39,Send,UserID:1,bAssID=127,	//抓牌			   
17,27,39,Send,UserID:2,bAssID=127,	//抓牌			   
17,27,39,Send,UserID:0,bAssID=126,	//玩家出牌结果 	   
17,27,39,Send,UserID:1,bAssID=126,	//玩家出牌结果 	   
17,27,39,Send,UserID:2,bAssID=126,	//玩家出牌结果 	   
17,27,39,Send,UserID:0,bAssID=127,	//抓牌			   
17,27,39,Send,UserID:1,bAssID=127,	//抓牌			   
17,27,39,Send,UserID:2,bAssID=127,	//抓牌			   
17,27,40,Send,UserID:0,bAssID=126,	//玩家出牌结果 	   
17,27,40,Send,UserID:1,bAssID=126,	//玩家出牌结果 	   
17,27,40,Send,UserID:2,bAssID=126,	//玩家出牌结果 	   
17,27,40,Send,UserID:0,bAssID=127,	//抓牌			   
17,27,40,Send,UserID:1,bAssID=127,	//抓牌			   
17,27,40,Send,UserID:2,bAssID=127,	//抓牌			   
17,27,41,Reply,UserId=1,bAssID=125,	//玩家出牌			 
17,27,41,Send,UserID:0,bAssID=126,	//玩家出牌结果 	   
17,27,41,Send,UserID:1,bAssID=126,	//玩家出牌结果 	   
17,27,41,Send,UserID:2,bAssID=126,	//玩家出牌结果 	   
17,27,42,Send,UserID:0,bAssID=127,	//抓牌			   
17,27,42,Send,UserID:1,bAssID=127,	//抓牌			   
17,27,42,Send,UserID:2,bAssID=127,	//抓牌			   
17,27,43,Send,UserID:0,bAssID=126,	//玩家出牌结果 	   
17,27,43,Send,UserID:1,bAssID=126,	//玩家出牌结果 	   
17,27,43,Send,UserID:2,bAssID=126,	//玩家出牌结果 	   
17,27,43,Send,UserID:0,bAssID=127,	//抓牌			   
17,27,43,Send,UserID:1,bAssID=127,	//抓牌			   
17,27,43,Send,UserID:2,bAssID=127,	//抓牌			   
17,27,44,Send,UserID:0,bAssID=126,	//玩家出牌结果 	   
17,27,44,Send,UserID:1,bAssID=126,	//玩家出牌结果 	   
17,27,44,Send,UserID:2,bAssID=126,	//玩家出牌结果 	   
17,27,44,Send,UserID:0,bAssID=127,	//抓牌			   
17,27,44,Send,UserID:1,bAssID=127,	//抓牌			   
17,27,44,Send,UserID:2,bAssID=127,	//抓牌			   
17,27,48,Reply,UserId=1,bAssID=125,	//玩家出牌			 
17,27,48,Send,UserID:0,bAssID=126,	//玩家出牌结果 	   
17,27,48,Send,UserID:1,bAssID=126,	//玩家出牌结果 	   
17,27,48,Send,UserID:2,bAssID=126,	//玩家出牌结果 	   
17,27,48,Send,UserID:0,bAssID=127,	//抓牌			   
17,27,48,Send,UserID:1,bAssID=127,	//抓牌			   
17,27,48,Send,UserID:2,bAssID=127,	//抓牌			   
17,27,49,Send,UserID:0,bAssID=126,	//玩家出牌结果 	   
17,27,49,Send,UserID:1,bAssID=126,	//玩家出牌结果 	   
17,27,49,Send,UserID:2,bAssID=126,	//玩家出牌结果 	   
17,27,49,Send,UserID:0,bAssID=127,	//抓牌			   
17,27,49,Send,UserID:1,bAssID=127,	//抓牌			   
17,27,49,Send,UserID:2,bAssID=127,	//抓牌			   
17,27,50,Send,UserID:0,bAssID=126,	//玩家出牌结果 	   
17,27,50,Send,UserID:1,bAssID=126,	//玩家出牌结果 	   
17,27,50,Send,UserID:2,bAssID=126,	//玩家出牌结果 	   
17,27,50,Send,UserID:1,bAssID=128,	//碰杠明胡动作消息	 
17,27,51,Reply,UserId=1,bAssID=150,	//玩家拦牌动作	   
17,27,51,Send,UserID:0,bAssID=129,	//动作结果消息	   
17,27,51,Send,UserID:1,bAssID=129,	//动作结果消息	   
17,27,51,Send,UserID:2,bAssID=129,	//动作结果消息	   
17,27,51,Send,UserID:0,bAssID=124,	//通知玩家出牌	   
17,27,51,Send,UserID:1,bAssID=124,	//通知玩家出牌	   
17,27,51,Send,UserID:2,bAssID=124,	//通知玩家出牌	   
17,27,53,Reply,UserId=1,bAssID=125,	//玩家出牌			 
17,27,53,Send,UserID:0,bAssID=126,	//玩家出牌结果 	   
17,27,53,Send,UserID:1,bAssID=126,	//玩家出牌结果 	   
17,27,53,Send,UserID:2,bAssID=126,	//玩家出牌结果 	   
17,27,53,Send,UserID:0,bAssID=127,	//抓牌			   
17,27,53,Send,UserID:1,bAssID=127,	//抓牌			   
17,27,53,Send,UserID:2,bAssID=127,	//抓牌			   
17,27,54,Send,UserID:0,bAssID=126,	//玩家出牌结果 	   
17,27,54,Send,UserID:1,bAssID=126,	//玩家出牌结果 	   
17,27,54,Send,UserID:2,bAssID=126,	//玩家出牌结果 	   
17,27,54,Send,UserID:0,bAssID=127,	//抓牌			   
17,27,54,Send,UserID:1,bAssID=127,	//抓牌			   
17,27,54,Send,UserID:2,bAssID=127,	//抓牌			   
17,27,55,Send,UserID:0,bAssID=126,	//玩家出牌结果 	   
17,27,55,Send,UserID:1,bAssID=126,	//玩家出牌结果 	   
17,27,55,Send,UserID:2,bAssID=126,	//玩家出牌结果 	   
17,27,55,Send,UserID:0,bAssID=127,	//抓牌			   
17,27,55,Send,UserID:1,bAssID=127,	//抓牌			   
17,27,55,Send,UserID:2,bAssID=127,	//抓牌			   
17,27,55,Send,UserID:1,bAssID=128,	//碰杠明胡动作消息	 
17,27,58,Reply,UserId=1,bAssID=150,	//玩家拦牌动作	   
17,27,58,Send,UserID:0,bAssID=129,	//动作结果消息	   
17,27,58,Send,UserID:1,bAssID=129,	//动作结果消息	   
17,27,58,Send,UserID:2,bAssID=129,	//动作结果消息	   
17,27,58,Send,UserID:0,bAssID=127,	//抓牌			   
17,27,58,Send,UserID:1,bAssID=127,	//抓牌			   
17,27,58,Send,UserID:2,bAssID=127,	//抓牌			   
17,27,58,Send,UserID:1,bAssID=128,	//碰杠明胡动作消息	 
17,28,00,Reply,UserId=1,bAssID=150,	//玩家拦牌动作	   
17,28,00,Send,UserID:0,bAssID=130,	//明牌结果消息	   
17,28,00,Send,UserID:1,bAssID=130,	//明牌结果消息	   
17,28,00,Send,UserID:2,bAssID=130,	//明牌结果消息	   
17,28,02,Reply,UserId=1,bAssID=167,	//选择刻子请求//选择刻子回复			   
17,28,02,Send,UserID:0,bAssID=168,	//服务器通知能胡的牌//客户端回复			 
17,28,02,Send,UserID:1,bAssID=168,	//服务器通知能胡的牌//客户端回复			 
17,28,02,Send,UserID:2,bAssID=168,	//服务器通知能胡的牌//客户端回复			 
17,28,02,Send,UserID:0,bAssID=126,	//玩家出牌结果 	   
17,28,02,Send,UserID:1,bAssID=126,	//玩家出牌结果 	   
17,28,02,Send,UserID:2,bAssID=126,	//玩家出牌结果 	   
17,28,02,Send,UserID:0,bAssID=127,	//抓牌			   
17,28,02,Send,UserID:1,bAssID=127,	//抓牌			   
17,28,02,Send,UserID:2,bAssID=127,	//抓牌			   
17,28,03,Send,UserID:0,bAssID=126,	//玩家出牌结果 	   
17,28,03,Send,UserID:1,bAssID=126,	//玩家出牌结果 	   
17,28,03,Send,UserID:2,bAssID=126,	//玩家出牌结果 	   
17,28,03,Send,UserID:0,bAssID=127,	//抓牌			   
17,28,03,Send,UserID:1,bAssID=127,	//抓牌			   
17,28,03,Send,UserID:2,bAssID=127,	//抓牌			   
17,28,04,Send,UserID:0,bAssID=126,	//玩家出牌结果 	   
17,28,04,Send,UserID:1,bAssID=126,	//玩家出牌结果 	   
17,28,04,Send,UserID:2,bAssID=126,	//玩家出牌结果 	   
17,28,04,Send,UserID:0,bAssID=127,	//抓牌			   
17,28,04,Send,UserID:1,bAssID=127,	//抓牌			   
17,28,04,Send,UserID:2,bAssID=127,	//抓牌			   
17,28,04,Send,UserID:1,bAssID=128,	//碰杠明胡动作消息	 
17,28,05,Send,UserID:0,bAssID=131,	//胡牌结果消息	   
17,28,05,Send,UserID:1,bAssID=131,	//胡牌结果消息	   
17,28,05,Send,UserID:2,bAssID=131,	//胡牌结果消息	   
17,28,06,CountFen,HuPai:11,MaiMa:9
17,28,06,Send,UserID:0,bAssID=132,	//游戏正常结束	   
17,28,06,CountFen,UserId=0,iFanShu:0,i64HuPoint:-4,i64Point:-17,i64Money:-17,DuiLiang:0,MaiMa:9,PiaoFen:1,Gang:-2
17,28,06,Send,UserID:1,bAssID=132,	//游戏正常结束	   
17,28,06,CountFen,UserId=1,iFanShu:8,i64HuPoint:8,i64Point:34,i64Money:34,DuiLiang:0,MaiMa:9,PiaoFen:1,Gang:4
17,28,06,Send,UserID:2,bAssID=132,	//游戏正常结束	   
17,28,06,CountFen,UserId=2,iFanShu:0,i64HuPoint:-4,i64Point:-17,i64Money:-17,DuiLiang:0,MaiMa:9,PiaoFen:1,Gang:-2
17,28,06,Send,UserID:0,bAssID=181,
17,28,06,Send,UserID:1,bAssID=181,
17,28,06,Send,UserID:2,bAssID=181,
17,28,16,Reply,UserId=1,bAssID=1,    ///用户同意		 
17,28,17,Reply,UserId=2,bAssID=1,    ///用户同意		 
17,28,18,Reply,UserId=0,bAssID=1,    ///用户同意		 
17,28,19,Send,UserID:0,bAssID=120,	//升级游戏开始	   
17,28,19,Send,UserID:1,bAssID=120,	//升级游戏开始	   
17,28,19,Send,UserID:2,bAssID=120,	//升级游戏开始	   
17,28,19,Send,UserID:0,bAssID=170,	//通知客户端票分							
17,28,19,Send,UserID:1,bAssID=170,	//通知客户端票分							
17,28,19,Send,UserID:2,bAssID=170,	//通知客户端票分							
17,28,21,Reply,UserId=1,bAssID=166,	//漂分请求//漂分回复					   
17,28,21,Send,UserID:0,bAssID=166,	//漂分请求//漂分回复					   
17,28,21,Send,UserID:1,bAssID=166,	//漂分请求//漂分回复					   
17,28,21,Send,UserID:2,bAssID=166,	//漂分请求//漂分回复					   
17,28,22,Reply,UserId=0,bAssID=166,	//漂分请求//漂分回复					   
17,28,22,Send,UserID:0,bAssID=166,	//漂分请求//漂分回复					   
17,28,22,Send,UserID:1,bAssID=166,	//漂分请求//漂分回复					   
17,28,22,Send,UserID:2,bAssID=166,	//漂分请求//漂分回复					   
17,28,22,Reply,UserId=2,bAssID=166,	//漂分请求//漂分回复					   
17,28,22,Send,UserID:0,bAssID=166,	//漂分请求//漂分回复					   
17,28,22,Send,UserID:1,bAssID=166,	//漂分请求//漂分回复					   
17,28,22,Send,UserID:2,bAssID=166,	//漂分请求//漂分回复					   
17,28,23,Send,UserID:0,bAssID=121,	//确定至筛子点数	  
17,28,23,Send,UserID:1,bAssID=121,	//确定至筛子点数	  
17,28,23,Send,UserID:2,bAssID=121,	//确定至筛子点数	  
17,28,26,Send,UserID:0,bAssID=122,	//发牌消息			 
17,28,26,Send,UserID:1,bAssID=122,	//发牌消息			 
17,28,26,Send,UserID:2,bAssID=122,	//发牌消息			 
17,28,27,Send,UserID:0,bAssID=123,	//通知开始出牌	   
17,28,27,Send,UserID:1,bAssID=123,	//通知开始出牌	   
17,28,27,Send,UserID:2,bAssID=123,	//通知开始出牌	   
17,28,28,Reply,UserId=0,bAssID=125,	//玩家出牌			 
17,28,28,Send,UserID:0,bAssID=126,	//玩家出牌结果 	   
17,28,28,Send,UserID:1,bAssID=126,	//玩家出牌结果 	   
17,28,28,Send,UserID:2,bAssID=126,	//玩家出牌结果 	   
17,28,29,Send,UserID:0,bAssID=127,	//抓牌			   
17,28,29,Send,UserID:1,bAssID=127,	//抓牌			   
17,28,29,Send,UserID:2,bAssID=127,	//抓牌			   
17,28,32,Reply,UserId=2,bAssID=125,	//玩家出牌			 
17,28,32,Send,UserID:0,bAssID=126,	//玩家出牌结果 	   
17,28,32,Send,UserID:1,bAssID=126,	//玩家出牌结果 	   
17,28,32,Send,UserID:2,bAssID=126,	//玩家出牌结果 	   
17,28,32,Send,UserID:0,bAssID=127,	//抓牌			   
17,28,32,Send,UserID:1,bAssID=127,	//抓牌			   
17,28,32,Send,UserID:2,bAssID=127,	//抓牌			   
17,28,33,Reply,UserId=1,bAssID=125,	//玩家出牌			 
17,28,33,Send,UserID:0,bAssID=126,	//玩家出牌结果 	   
17,28,33,Send,UserID:1,bAssID=126,	//玩家出牌结果 	   
17,28,33,Send,UserID:2,bAssID=126,	//玩家出牌结果 	   
17,28,33,Send,UserID:0,bAssID=128,	//碰杠明胡动作消息	 
17,28,34,Reply,UserId=0,bAssID=150,	//玩家拦牌动作	   
17,28,34,Send,UserID:0,bAssID=129,	//动作结果消息	   
17,28,34,Send,UserID:1,bAssID=129,	//动作结果消息	   
17,28,34,Send,UserID:2,bAssID=129,	//动作结果消息	   
17,28,34,Send,UserID:0,bAssID=124,	//通知玩家出牌	   
17,28,34,Send,UserID:1,bAssID=124,	//通知玩家出牌	   
17,28,34,Send,UserID:2,bAssID=124,	//通知玩家出牌	   
17,28,36,Reply,UserId=0,bAssID=125,	//玩家出牌			 
17,28,36,Send,UserID:0,bAssID=126,	//玩家出牌结果 	   
17,28,36,Send,UserID:1,bAssID=126,	//玩家出牌结果 	   
17,28,36,Send,UserID:2,bAssID=126,	//玩家出牌结果 	   
17,28,37,Send,UserID:0,bAssID=127,	//抓牌			   
17,28,37,Send,UserID:1,bAssID=127,	//抓牌			   
17,28,37,Send,UserID:2,bAssID=127,	//抓牌			   
17,28,44,Reply,UserId=2,bAssID=125,	//玩家出牌			 
17,28,44,Send,UserID:0,bAssID=126,	//玩家出牌结果 	   
17,28,44,Send,UserID:1,bAssID=126,	//玩家出牌结果 	   
17,28,44,Send,UserID:2,bAssID=126,	//玩家出牌结果 	   
17,28,45,Send,UserID:0,bAssID=127,	//抓牌			   
17,28,45,Send,UserID:1,bAssID=127,	//抓牌			   
17,28,45,Send,UserID:2,bAssID=127,	//抓牌			   
17,28,47,Reply,UserId=1,bAssID=125,	//玩家出牌			 
17,28,47,Send,UserID:0,bAssID=126,	//玩家出牌结果 	   
17,28,47,Send,UserID:1,bAssID=126,	//玩家出牌结果 	   
17,28,47,Send,UserID:2,bAssID=126,	//玩家出牌结果 	   
17,28,47,Send,UserID:0,bAssID=127,	//抓牌			   
17,28,47,Send,UserID:1,bAssID=127,	//抓牌			   
17,28,47,Send,UserID:2,bAssID=127,	//抓牌			   
17,28,47,Send,UserID:0,bAssID=128,	//碰杠明胡动作消息	 
17,28,48,Reply,UserId=0,bAssID=150,	//玩家拦牌动作	   
17,28,48,Send,UserID:0,bAssID=130,	//明牌结果消息	   
17,28,48,Send,UserID:1,bAssID=130,	//明牌结果消息	   
17,28,48,Send,UserID:2,bAssID=130,	//明牌结果消息	   
17,28,50,Reply,UserId=0,bAssID=167,	//选择刻子请求//选择刻子回复			   
17,28,50,Send,UserID:0,bAssID=168,	//服务器通知能胡的牌//客户端回复			 
17,28,50,Send,UserID:1,bAssID=168,	//服务器通知能胡的牌//客户端回复			 
17,28,50,Send,UserID:2,bAssID=168,	//服务器通知能胡的牌//客户端回复			 
17,28,50,Send,UserID:0,bAssID=126,	//玩家出牌结果 	   
17,28,50,Send,UserID:1,bAssID=126,	//玩家出牌结果 	   
17,28,50,Send,UserID:2,bAssID=126,	//玩家出牌结果 	   
17,28,50,Send,UserID:1,bAssID=128,	//碰杠明胡动作消息	 
17,28,51,Reply,UserId=1,bAssID=150,	//玩家拦牌动作	   
17,28,51,Send,UserID:0,bAssID=129,	//动作结果消息	   
17,28,51,Send,UserID:1,bAssID=129,	//动作结果消息	   
17,28,51,Send,UserID:2,bAssID=129,	//动作结果消息	   
17,28,51,Send,UserID:0,bAssID=124,	//通知玩家出牌	   
17,28,51,Send,UserID:1,bAssID=124,	//通知玩家出牌	   
17,28,51,Send,UserID:2,bAssID=124,	//通知玩家出牌	   
17,28,52,Reply,UserId=1,bAssID=125,	//玩家出牌			 
17,28,52,Send,UserID:0,bAssID=126,	//玩家出牌结果 	   
17,28,52,Send,UserID:1,bAssID=126,	//玩家出牌结果 	   
17,28,52,Send,UserID:2,bAssID=126,	//玩家出牌结果 	   
17,28,53,Send,UserID:0,bAssID=127,	//抓牌			   
17,28,53,Send,UserID:1,bAssID=127,	//抓牌			   
17,28,53,Send,UserID:2,bAssID=127,	//抓牌			   
17,28,54,Send,UserID:0,bAssID=126,	//玩家出牌结果 	   
17,28,54,Send,UserID:1,bAssID=126,	//玩家出牌结果 	   
17,28,54,Send,UserID:2,bAssID=126,	//玩家出牌结果 	   
17,28,54,Send,UserID:0,bAssID=127,	//抓牌			   
17,28,54,Send,UserID:1,bAssID=127,	//抓牌			   
17,28,54,Send,UserID:2,bAssID=127,	//抓牌			   
17,28,56,Reply,UserId=2,bAssID=125,	//玩家出牌			 
17,28,56,Send,UserID:0,bAssID=126,	//玩家出牌结果 	   
17,28,56,Send,UserID:1,bAssID=126,	//玩家出牌结果 	   
17,28,56,Send,UserID:2,bAssID=126,	//玩家出牌结果 	   
17,28,57,Send,UserID:0,bAssID=127,	//抓牌			   
17,28,57,Send,UserID:1,bAssID=127,	//抓牌			   
17,28,57,Send,UserID:2,bAssID=127,	//抓牌			   
17,28,58,Reply,UserId=1,bAssID=125,	//玩家出牌			 
17,28,58,Send,UserID:0,bAssID=126,	//玩家出牌结果 	   
17,28,58,Send,UserID:1,bAssID=126,	//玩家出牌结果 	   
17,28,58,Send,UserID:2,bAssID=126,	//玩家出牌结果 	   
17,28,58,Send,UserID:0,bAssID=127,	//抓牌			   
17,28,58,Send,UserID:1,bAssID=127,	//抓牌			   
17,28,58,Send,UserID:2,bAssID=127,	//抓牌			   
17,28,58,Send,UserID:0,bAssID=128,	//碰杠明胡动作消息	 
17,28,59,Send,UserID:0,bAssID=131,	//胡牌结果消息	   
17,28,59,Send,UserID:1,bAssID=131,	//胡牌结果消息	   
17,28,59,Send,UserID:2,bAssID=131,	//胡牌结果消息	   
17,29,00,CountFen,HuPai:19,MaiMa:10
17,29,00,Send,UserID:0,bAssID=132,	//游戏正常结束	   
17,29,00,CountFen,UserId=0,iFanShu:4,i64HuPoint:4,i64Point:28,i64Money:28,DuiLiang:0,MaiMa:10,PiaoFen:1,Gang:0
17,29,00,Send,UserID:1,bAssID=132,	//游戏正常结束	   
17,29,00,CountFen,UserId=1,iFanShu:0,i64HuPoint:-2,i64Point:-14,i64Money:-14,DuiLiang:0,MaiMa:10,PiaoFen:1,Gang:0
17,29,00,Send,UserID:2,bAssID=132,	//游戏正常结束	   
17,29,00,CountFen,UserId=2,iFanShu:0,i64HuPoint:-2,i64Point:-14,i64Money:-14,DuiLiang:0,MaiMa:10,PiaoFen:1,Gang:0
17,29,00,Send,UserID:0,bAssID=180,
17,29,00,CalculateBoard,UserId=0,i64Money:11
17,29,00,Send,UserID:1,bAssID=180,
17,29,00,CalculateBoard,UserId=1,i64Money:20
17,29,00,Send,UserID:2,bAssID=180,
17,29,00,CalculateBoard,UserId=2,i64Money:-31
17,29,58,Send,UserID:0,bAssID=181,
17,30,00,Reply,UserId=0,bAssID=1,    ///用户同意		 
17,30,18,Send,UserID:0,bAssID=181,
17,30,18,Send,UserID:1,bAssID=181,
17,30,21,Reply,UserId=1,bAssID=1,    ///用户同意		 
17,30,22,Send,UserID:0,bAssID=181,
17,30,22,Send,UserID:1,bAssID=181,
17,30,22,Send,UserID:2,bAssID=181,
17,30,27,Reply,UserId=2,bAssID=1,    ///用户同意		 
17,30,27,Send,UserID:0,bAssID=120,	//升级游戏开始	   
17,30,27,Send,UserID:1,bAssID=120,	//升级游戏开始	   
17,30,27,Send,UserID:2,bAssID=120,	//升级游戏开始	   
17,30,27,Send,UserID:0,bAssID=170,	//通知客户端票分							
17,30,27,Send,UserID:1,bAssID=170,	//通知客户端票分							
17,30,27,Send,UserID:2,bAssID=170,	//通知客户端票分							
17,30,34,Reply,UserId=1,bAssID=166,	//漂分请求//漂分回复					   
17,30,34,Send,UserID:0,bAssID=166,	//漂分请求//漂分回复					   
17,30,34,Send,UserID:1,bAssID=166,	//漂分请求//漂分回复					   
17,30,34,Send,UserID:2,bAssID=166,	//漂分请求//漂分回复					   
17,30,35,Reply,UserId=2,bAssID=166,	//漂分请求//漂分回复					   
17,30,35,Send,UserID:0,bAssID=166,	//漂分请求//漂分回复					   
17,30,35,Send,UserID:1,bAssID=166,	//漂分请求//漂分回复					   
17,30,35,Send,UserID:2,bAssID=166,	//漂分请求//漂分回复					   
17,30,35,Reply,UserId=0,bAssID=166,	//漂分请求//漂分回复					   
17,30,35,Send,UserID:0,bAssID=166,	//漂分请求//漂分回复					   
17,30,35,Send,UserID:1,bAssID=166,	//漂分请求//漂分回复					   
17,30,35,Send,UserID:2,bAssID=166,	//漂分请求//漂分回复					   
17,30,36,Send,UserID:0,bAssID=121,	//确定至筛子点数	  
17,30,36,Send,UserID:1,bAssID=121,	//确定至筛子点数	  
17,30,36,Send,UserID:2,bAssID=121,	//确定至筛子点数	  
17,30,39,Send,UserID:0,bAssID=122,	//发牌消息			 
17,30,39,Send,UserID:1,bAssID=122,	//发牌消息			 
17,30,39,Send,UserID:2,bAssID=122,	//发牌消息			 
17,30,40,Send,UserID:0,bAssID=123,	//通知开始出牌	   
17,30,40,Send,UserID:1,bAssID=123,	//通知开始出牌	   
17,30,40,Send,UserID:2,bAssID=123,	//通知开始出牌	   
17,30,42,Reply,UserId=0,bAssID=125,	//玩家出牌			 
17,30,42,Send,UserID:0,bAssID=126,	//玩家出牌结果 	   
17,30,42,Send,UserID:1,bAssID=126,	//玩家出牌结果 	   
17,30,42,Send,UserID:2,bAssID=126,	//玩家出牌结果 	   
17,30,43,Send,UserID:0,bAssID=127,	//抓牌			   
17,30,43,Send,UserID:1,bAssID=127,	//抓牌			   
17,30,43,Send,UserID:2,bAssID=127,	//抓牌			   
17,30,44,Reply,UserId=2,bAssID=125,	//玩家出牌			 
17,30,44,Send,UserID:0,bAssID=126,	//玩家出牌结果 	   
17,30,44,Send,UserID:1,bAssID=126,	//玩家出牌结果 	   
17,30,44,Send,UserID:2,bAssID=126,	//玩家出牌结果 	   
17,30,44,Send,UserID:0,bAssID=127,	//抓牌			   
17,30,44,Send,UserID:1,bAssID=127,	//抓牌			   
17,30,44,Send,UserID:2,bAssID=127,	//抓牌			   
17,30,45,Reply,UserId=1,bAssID=125,	//玩家出牌			 
17,30,45,Send,UserID:0,bAssID=126,	//玩家出牌结果 	   
17,30,45,Send,UserID:1,bAssID=126,	//玩家出牌结果 	   
17,30,45,Send,UserID:2,bAssID=126,	//玩家出牌结果 	   
17,30,45,Send,UserID:0,bAssID=127,	//抓牌			   
17,30,45,Send,UserID:1,bAssID=127,	//抓牌			   
17,30,45,Send,UserID:2,bAssID=127,	//抓牌			   
17,30,46,Reply,UserId=0,bAssID=125,	//玩家出牌			 
17,30,46,Send,UserID:0,bAssID=126,	//玩家出牌结果 	   
17,30,46,Send,UserID:1,bAssID=126,	//玩家出牌结果 	   
17,30,46,Send,UserID:2,bAssID=126,	//玩家出牌结果 	   
17,30,46,Send,UserID:0,bAssID=127,	//抓牌			   
17,30,46,Send,UserID:1,bAssID=127,	//抓牌			   
17,30,46,Send,UserID:2,bAssID=127,	//抓牌			   
17,30,47,Reply,UserId=2,bAssID=125,	//玩家出牌			 
17,30,47,Send,UserID:0,bAssID=126,	//玩家出牌结果 	   
17,30,47,Send,UserID:1,bAssID=126,	//玩家出牌结果 	   
17,30,47,Send,UserID:2,bAssID=126,	//玩家出牌结果 	   
17,30,48,Send,UserID:0,bAssID=127,	//抓牌			   
17,30,48,Send,UserID:1,bAssID=127,	//抓牌			   
17,30,48,Send,UserID:2,bAssID=127,	//抓牌			   
17,30,49,Reply,UserId=1,bAssID=125,	//玩家出牌			 
17,30,49,Send,UserID:0,bAssID=126,	//玩家出牌结果 	   
17,30,49,Send,UserID:1,bAssID=126,	//玩家出牌结果 	   
17,30,49,Send,UserID:2,bAssID=126,	//玩家出牌结果 	   
17,30,49,Send,UserID:0,bAssID=127,	//抓牌			   
17,30,49,Send,UserID:1,bAssID=127,	//抓牌			   
17,30,49,Send,UserID:2,bAssID=127,	//抓牌			   
17,30,51,Reply,UserId=0,bAssID=125,	//玩家出牌			 
17,30,51,Send,UserID:0,bAssID=126,	//玩家出牌结果 	   
17,30,51,Send,UserID:1,bAssID=126,	//玩家出牌结果 	   
17,30,51,Send,UserID:2,bAssID=126,	//玩家出牌结果 	   
17,30,51,Send,UserID:2,bAssID=128,	//碰杠明胡动作消息	 
17,30,53,Reply,UserId=2,bAssID=150,	//玩家拦牌动作	   
17,30,53,Send,UserID:0,bAssID=129,	//动作结果消息	   
17,30,53,Send,UserID:1,bAssID=129,	//动作结果消息	   
17,30,53,Send,UserID:2,bAssID=129,	//动作结果消息	   
17,30,53,Send,UserID:0,bAssID=124,	//通知玩家出牌	   
17,30,53,Send,UserID:1,bAssID=124,	//通知玩家出牌	   
17,30,53,Send,UserID:2,bAssID=124,	//通知玩家出牌	   
17,30,55,Reply,UserId=2,bAssID=125,	//玩家出牌			 
17,30,55,Send,UserID:0,bAssID=126,	//玩家出牌结果 	   
17,30,55,Send,UserID:1,bAssID=126,	//玩家出牌结果 	   
17,30,55,Send,UserID:2,bAssID=126,	//玩家出牌结果 	   
17,30,55,Send,UserID:1,bAssID=128,	//碰杠明胡动作消息	 
17,30,56,Reply,UserId=1,bAssID=150,	//玩家拦牌动作	   
17,30,56,Send,UserID:0,bAssID=129,	//动作结果消息	   
17,30,56,Send,UserID:1,bAssID=129,	//动作结果消息	   
17,30,56,Send,UserID:2,bAssID=129,	//动作结果消息	   
17,30,56,Send,UserID:0,bAssID=124,	//通知玩家出牌	   
17,30,56,Send,UserID:1,bAssID=124,	//通知玩家出牌	   
17,30,56,Send,UserID:2,bAssID=124,	//通知玩家出牌	   
17,30,57,Reply,UserId=1,bAssID=125,	//玩家出牌			 
17,30,57,Send,UserID:0,bAssID=126,	//玩家出牌结果 	   
17,30,57,Send,UserID:1,bAssID=126,	//玩家出牌结果 	   
17,30,57,Send,UserID:2,bAssID=126,	//玩家出牌结果 	   
17,30,57,Send,UserID:0,bAssID=127,	//抓牌			   
17,30,57,Send,UserID:1,bAssID=127,	//抓牌			   
17,30,57,Send,UserID:2,bAssID=127,	//抓牌			   
17,31,02,Reply,UserId=0,bAssID=125,	//玩家出牌			 
17,31,02,Send,UserID:0,bAssID=126,	//玩家出牌结果 	   
17,31,02,Send,UserID:1,bAssID=126,	//玩家出牌结果 	   
17,31,02,Send,UserID:2,bAssID=126,	//玩家出牌结果 	   
17,31,02,Send,UserID:0,bAssID=127,	//抓牌			   
17,31,02,Send,UserID:1,bAssID=127,	//抓牌			   
17,31,02,Send,UserID:2,bAssID=127,	//抓牌			   
17,31,04,Reply,UserId=2,bAssID=125,	//玩家出牌			 
17,31,04,Send,UserID:0,bAssID=126,	//玩家出牌结果 	   
17,31,04,Send,UserID:1,bAssID=126,	//玩家出牌结果 	   
17,31,04,Send,UserID:2,bAssID=126,	//玩家出牌结果 	   
17,31,04,Send,UserID:0,bAssID=127,	//抓牌			   
17,31,04,Send,UserID:1,bAssID=127,	//抓牌			   
17,31,04,Send,UserID:2,bAssID=127,	//抓牌			   
17,31,04,Send,UserID:1,bAssID=128,	//碰杠明胡动作消息	 
17,31,06,Reply,UserId=1,bAssID=150,	//玩家拦牌动作	   
17,31,06,Send,UserID:0,bAssID=130,	//明牌结果消息	   
17,31,06,Send,UserID:1,bAssID=130,	//明牌结果消息	   
17,31,06,Send,UserID:2,bAssID=130,	//明牌结果消息	   
17,31,07,Reply,UserId=1,bAssID=167,	//选择刻子请求//选择刻子回复			   
17,31,07,Send,UserID:0,bAssID=168,	//服务器通知能胡的牌//客户端回复			 
17,31,07,Send,UserID:1,bAssID=168,	//服务器通知能胡的牌//客户端回复			 
17,31,07,Send,UserID:2,bAssID=168,	//服务器通知能胡的牌//客户端回复			 
17,31,07,Send,UserID:0,bAssID=126,	//玩家出牌结果 	   
17,31,07,Send,UserID:1,bAssID=126,	//玩家出牌结果 	   
17,31,07,Send,UserID:2,bAssID=126,	//玩家出牌结果 	   
17,31,07,Send,UserID:0,bAssID=128,	//碰杠明胡动作消息	 
17,31,09,Reply,UserId=0,bAssID=150,	//玩家拦牌动作	   
17,31,09,Send,UserID:0,bAssID=129,	//动作结果消息	   
17,31,09,Send,UserID:1,bAssID=129,	//动作结果消息	   
17,31,09,Send,UserID:2,bAssID=129,	//动作结果消息	   
17,31,09,Send,UserID:0,bAssID=124,	//通知玩家出牌	   
17,31,09,Send,UserID:1,bAssID=124,	//通知玩家出牌	   
17,31,09,Send,UserID:2,bAssID=124,	//通知玩家出牌	   
17,31,12,Reply,UserId=0,bAssID=125,	//玩家出牌			 
17,31,12,Send,UserID:0,bAssID=126,	//玩家出牌结果 	   
17,31,12,Send,UserID:1,bAssID=126,	//玩家出牌结果 	   
17,31,12,Send,UserID:2,bAssID=126,	//玩家出牌结果 	   
17,31,12,Send,UserID:0,bAssID=127,	//抓牌			   
17,31,12,Send,UserID:1,bAssID=127,	//抓牌			   
17,31,12,Send,UserID:2,bAssID=127,	//抓牌			   
17,31,12,Send,UserID:2,bAssID=128,	//碰杠明胡动作消息	 
17,31,13,Reply,UserId=2,bAssID=150,	//玩家拦牌动作	   
17,31,13,Send,UserID:0,bAssID=130,	//明牌结果消息	   
17,31,13,Send,UserID:1,bAssID=130,	//明牌结果消息	   
17,31,13,Send,UserID:2,bAssID=130,	//明牌结果消息	   
17,31,15,Reply,UserId=2,bAssID=167,	//选择刻子请求//选择刻子回复			   
17,31,15,Send,UserID:2,bAssID=167,	//选择刻子请求//选择刻子回复			   
17,31,17,Reply,UserId=2,bAssID=169,	//客户端通知服务器选择的刻子				  
17,31,17,Send,UserID:2,bAssID=190,
17,31,17,Send,UserID:0,bAssID=168,	//服务器通知能胡的牌//客户端回复			 
17,31,17,Send,UserID:1,bAssID=168,	//服务器通知能胡的牌//客户端回复			 
17,31,17,Send,UserID:2,bAssID=168,	//服务器通知能胡的牌//客户端回复			 
17,31,17,Send,UserID:0,bAssID=126,	//玩家出牌结果 	   
17,31,17,Send,UserID:1,bAssID=126,	//玩家出牌结果 	   
17,31,17,Send,UserID:2,bAssID=126,	//玩家出牌结果 	   
17,31,17,Send,UserID:0,bAssID=127,	//抓牌			   
17,31,17,Send,UserID:1,bAssID=127,	//抓牌			   
17,31,17,Send,UserID:2,bAssID=127,	//抓牌			   
17,31,18,Send,UserID:0,bAssID=126,	//玩家出牌结果 	   
17,31,18,Send,UserID:1,bAssID=126,	//玩家出牌结果 	   
17,31,18,Send,UserID:2,bAssID=126,	//玩家出牌结果 	   
17,31,18,Send,UserID:0,bAssID=127,	//抓牌			   
17,31,18,Send,UserID:1,bAssID=127,	//抓牌			   
17,31,18,Send,UserID:2,bAssID=127,	//抓牌			   
17,31,22,Reply,UserId=0,bAssID=125,	//玩家出牌			 
17,31,22,Send,UserID:0,bAssID=126,	//玩家出牌结果 	   
17,31,22,Send,UserID:1,bAssID=126,	//玩家出牌结果 	   
17,31,22,Send,UserID:2,bAssID=126,	//玩家出牌结果 	   
17,31,22,Send,UserID:0,bAssID=127,	//抓牌			   
17,31,22,Send,UserID:1,bAssID=127,	//抓牌			   
17,31,22,Send,UserID:2,bAssID=127,	//抓牌			   
17,31,23,Send,UserID:0,bAssID=126,	//玩家出牌结果 	   
17,31,23,Send,UserID:1,bAssID=126,	//玩家出牌结果 	   
17,31,23,Send,UserID:2,bAssID=126,	//玩家出牌结果 	   
17,31,23,Send,UserID:0,bAssID=127,	//抓牌			   
17,31,23,Send,UserID:1,bAssID=127,	//抓牌			   
17,31,23,Send,UserID:2,bAssID=127,	//抓牌			   
17,31,24,Send,UserID:0,bAssID=126,	//玩家出牌结果 	   
17,31,24,Send,UserID:1,bAssID=126,	//玩家出牌结果 	   
17,31,24,Send,UserID:2,bAssID=126,	//玩家出牌结果 	   
17,31,24,Send,UserID:0,bAssID=127,	//抓牌			   
17,31,24,Send,UserID:1,bAssID=127,	//抓牌			   
17,31,24,Send,UserID:2,bAssID=127,	//抓牌			   
17,31,26,Reply,UserId=0,bAssID=125,	//玩家出牌			 
17,31,26,Send,UserID:0,bAssID=126,	//玩家出牌结果 	   
17,31,26,Send,UserID:1,bAssID=126,	//玩家出牌结果 	   
17,31,26,Send,UserID:2,bAssID=126,	//玩家出牌结果 	   
17,31,26,Send,UserID:0,bAssID=127,	//抓牌			   
17,31,26,Send,UserID:1,bAssID=127,	//抓牌			   
17,31,26,Send,UserID:2,bAssID=127,	//抓牌			   
17,31,26,Send,UserID:2,bAssID=128,	//碰杠明胡动作消息	 
17,31,27,Send,UserID:0,bAssID=129,	//动作结果消息	   
17,31,27,Send,UserID:1,bAssID=129,	//动作结果消息	   
17,31,27,Send,UserID:2,bAssID=129,	//动作结果消息	   
17,31,27,Send,UserID:0,bAssID=127,	//抓牌			   
17,31,27,Send,UserID:1,bAssID=127,	//抓牌			   
17,31,27,Send,UserID:2,bAssID=127,	//抓牌			   
17,31,28,Send,UserID:0,bAssID=126,	//玩家出牌结果 	   
17,31,28,Send,UserID:1,bAssID=126,	//玩家出牌结果 	   
17,31,28,Send,UserID:2,bAssID=126,	//玩家出牌结果 	   
17,31,28,Send,UserID:0,bAssID=127,	//抓牌			   
17,31,28,Send,UserID:1,bAssID=127,	//抓牌			   
17,31,28,Send,UserID:2,bAssID=127,	//抓牌			   
17,31,28,Send,UserID:1,bAssID=128,	//碰杠明胡动作消息	 
17,31,29,Send,UserID:0,bAssID=129,	//动作结果消息	   
17,31,29,Send,UserID:1,bAssID=129,	//动作结果消息	   
17,31,29,Send,UserID:2,bAssID=129,	//动作结果消息	   
17,31,29,Send,UserID:0,bAssID=127,	//抓牌			   
17,31,29,Send,UserID:1,bAssID=127,	//抓牌			   
17,31,29,Send,UserID:2,bAssID=127,	//抓牌			   
17,31,30,Send,UserID:0,bAssID=126,	//玩家出牌结果 	   
17,31,30,Send,UserID:1,bAssID=126,	//玩家出牌结果 	   
17,31,30,Send,UserID:2,bAssID=126,	//玩家出牌结果 	   
17,31,30,Send,UserID:0,bAssID=127,	//抓牌			   
17,31,30,Send,UserID:1,bAssID=127,	//抓牌			   
17,31,30,Send,UserID:2,bAssID=127,	//抓牌			   
17,31,33,Reply,UserId=0,bAssID=125,	//玩家出牌			 
17,31,33,Send,UserID:0,bAssID=126,	//玩家出牌结果 	   
17,31,33,Send,UserID:1,bAssID=126,	//玩家出牌结果 	   
17,31,33,Send,UserID:2,bAssID=126,	//玩家出牌结果 	   
17,31,33,Send,UserID:0,bAssID=127,	//抓牌			   
17,31,33,Send,UserID:1,bAssID=127,	//抓牌			   
17,31,33,Send,UserID:2,bAssID=127,	//抓牌			   
17,31,34,Send,UserID:0,bAssID=126,	//玩家出牌结果 	   
17,31,34,Send,UserID:1,bAssID=126,	//玩家出牌结果 	   
17,31,34,Send,UserID:2,bAssID=126,	//玩家出牌结果 	   
17,31,34,Send,UserID:0,bAssID=127,	//抓牌			   
17,31,34,Send,UserID:1,bAssID=127,	//抓牌			   
17,31,34,Send,UserID:2,bAssID=127,	//抓牌			   
17,31,35,Send,UserID:0,bAssID=126,	//玩家出牌结果 	   
17,31,35,Send,UserID:1,bAssID=126,	//玩家出牌结果 	   
17,31,35,Send,UserID:2,bAssID=126,	//玩家出牌结果 	   
17,31,35,Send,UserID:0,bAssID=127,	//抓牌			   
17,31,35,Send,UserID:1,bAssID=127,	//抓牌			   
17,31,35,Send,UserID:2,bAssID=127,	//抓牌			   
17,31,37,Reply,UserId=0,bAssID=125,	//玩家出牌			 
17,31,37,Send,UserID:0,bAssID=126,	//玩家出牌结果 	   
17,31,37,Send,UserID:1,bAssID=126,	//玩家出牌结果 	   
17,31,37,Send,UserID:2,bAssID=126,	//玩家出牌结果 	   
17,31,37,Send,UserID:0,bAssID=127,	//抓牌			   
17,31,37,Send,UserID:1,bAssID=127,	//抓牌			   
17,31,37,Send,UserID:2,bAssID=127,	//抓牌			   
17,31,37,Send,UserID:2,bAssID=128,	//碰杠明胡动作消息	 
17,31,38,Send,UserID:0,bAssID=131,	//胡牌结果消息	   
17,31,38,Send,UserID:1,bAssID=131,	//胡牌结果消息	   
17,31,38,Send,UserID:2,bAssID=131,	//胡牌结果消息	   
17,31,39,CountFen,HuPai:17,MaiMa:3
17,31,39,Send,UserID:0,bAssID=132,	//游戏正常结束	   
17,31,39,CountFen,UserId=0,iFanShu:0,i64HuPoint:-2,i64Point:-9,i64Money:-9,DuiLiang:0,MaiMa:3,PiaoFen:1,Gang:-2
17,31,39,Send,UserID:1,bAssID=132,	//游戏正常结束	   
17,31,39,CountFen,UserId=1,iFanShu:0,i64HuPoint:-2,i64Point:-6,i64Money:-6,DuiLiang:0,MaiMa:3,PiaoFen:1,Gang:1
17,31,39,Send,UserID:2,bAssID=132,	//游戏正常结束	   
17,31,39,CountFen,UserId=2,iFanShu:4,i64HuPoint:4,i64Point:15,i64Money:15,DuiLiang:0,MaiMa:3,PiaoFen:1,Gang:1
17,31,39,Send,UserID:0,bAssID=181,
17,31,39,Send,UserID:1,bAssID=181,
17,31,39,Send,UserID:2,bAssID=181,
17,31,57,Reply,UserId=2,bAssID=1,    ///用户同意		 
17,31,58,Reply,UserId=1,bAssID=1,    ///用户同意		 
17,31,59,Reply,UserId=0,bAssID=1,    ///用户同意		 
17,31,59,Send,UserID:0,bAssID=120,	//升级游戏开始	   
17,31,59,Send,UserID:1,bAssID=120,	//升级游戏开始	   
17,31,59,Send,UserID:2,bAssID=120,	//升级游戏开始	   
17,31,59,Send,UserID:0,bAssID=170,	//通知客户端票分							
17,31,59,Send,UserID:1,bAssID=170,	//通知客户端票分							
17,31,59,Send,UserID:2,bAssID=170,	//通知客户端票分							
17,32,01,Reply,UserId=1,bAssID=166,	//漂分请求//漂分回复					   
17,32,01,Send,UserID:0,bAssID=166,	//漂分请求//漂分回复					   
17,32,01,Send,UserID:1,bAssID=166,	//漂分请求//漂分回复					   
17,32,01,Send,UserID:2,bAssID=166,	//漂分请求//漂分回复					   
17,32,02,Reply,UserId=2,bAssID=166,	//漂分请求//漂分回复					   
17,32,02,Send,UserID:0,bAssID=166,	//漂分请求//漂分回复					   
17,32,02,Send,UserID:1,bAssID=166,	//漂分请求//漂分回复					   
17,32,02,Send,UserID:2,bAssID=166,	//漂分请求//漂分回复					   
17,32,03,Reply,UserId=0,bAssID=166,	//漂分请求//漂分回复					   
17,32,03,Send,UserID:0,bAssID=166,	//漂分请求//漂分回复					   
17,32,03,Send,UserID:1,bAssID=166,	//漂分请求//漂分回复					   
17,32,03,Send,UserID:2,bAssID=166,	//漂分请求//漂分回复					   
17,32,03,Send,UserID:0,bAssID=121,	//确定至筛子点数	  
17,32,03,Send,UserID:1,bAssID=121,	//确定至筛子点数	  
17,32,03,Send,UserID:2,bAssID=121,	//确定至筛子点数	  
17,32,06,Send,UserID:0,bAssID=122,	//发牌消息			 
17,32,06,Send,UserID:1,bAssID=122,	//发牌消息			 
17,32,06,Send,UserID:2,bAssID=122,	//发牌消息			 
17,32,07,Send,UserID:0,bAssID=123,	//通知开始出牌	   
17,32,07,Send,UserID:1,bAssID=123,	//通知开始出牌	   
17,32,07,Send,UserID:2,bAssID=123,	//通知开始出牌	   
17,32,24,Reply,UserId=2,bAssID=125,	//玩家出牌			 
17,32,24,Send,UserID:0,bAssID=126,	//玩家出牌结果 	   
17,32,24,Send,UserID:1,bAssID=126,	//玩家出牌结果 	   
17,32,24,Send,UserID:2,bAssID=126,	//玩家出牌结果 	   
17,32,24,Send,UserID:0,bAssID=127,	//抓牌			   
17,32,24,Send,UserID:1,bAssID=127,	//抓牌			   
17,32,24,Send,UserID:2,bAssID=127,	//抓牌			   
17,32,26,Reply,UserId=1,bAssID=125,	//玩家出牌			 
17,32,26,Send,UserID:0,bAssID=126,	//玩家出牌结果 	   
17,32,26,Send,UserID:1,bAssID=126,	//玩家出牌结果 	   
17,32,26,Send,UserID:2,bAssID=126,	//玩家出牌结果 	   
17,32,26,Send,UserID:2,bAssID=128,	//碰杠明胡动作消息	 
17,32,51,Reply,UserId=2,bAssID=150,	//玩家拦牌动作	   
17,32,51,Send,UserID:0,bAssID=129,	//动作结果消息	   
17,32,51,Send,UserID:1,bAssID=129,	//动作结果消息	   
17,32,51,Send,UserID:2,bAssID=129,	//动作结果消息	   
17,32,51,Send,UserID:0,bAssID=124,	//通知玩家出牌	   
17,32,51,Send,UserID:1,bAssID=124,	//通知玩家出牌	   
17,32,51,Send,UserID:2,bAssID=124,	//通知玩家出牌	   
17,32,52,Reply,UserId=2,bAssID=125,	//玩家出牌			 
17,32,52,Send,UserID:0,bAssID=126,	//玩家出牌结果 	   
17,32,52,Send,UserID:1,bAssID=126,	//玩家出牌结果 	   
17,32,52,Send,UserID:2,bAssID=126,	//玩家出牌结果 	   
17,32,53,Send,UserID:0,bAssID=127,	//抓牌			   
17,32,53,Send,UserID:1,bAssID=127,	//抓牌			   
17,32,53,Send,UserID:2,bAssID=127,	//抓牌			   
17,32,55,Reply,UserId=1,bAssID=125,	//玩家出牌			 
17,32,55,Send,UserID:0,bAssID=126,	//玩家出牌结果 	   
17,32,55,Send,UserID:1,bAssID=126,	//玩家出牌结果 	   
17,32,55,Send,UserID:2,bAssID=126,	//玩家出牌结果 	   
17,32,55,Send,UserID:0,bAssID=127,	//抓牌			   
17,32,55,Send,UserID:1,bAssID=127,	//抓牌			   
17,32,55,Send,UserID:2,bAssID=127,	//抓牌			   
17,32,57,Reply,UserId=0,bAssID=125,	//玩家出牌			 
17,32,57,Send,UserID:0,bAssID=126,	//玩家出牌结果 	   
17,32,57,Send,UserID:1,bAssID=126,	//玩家出牌结果 	   
17,32,57,Send,UserID:2,bAssID=126,	//玩家出牌结果 	   
17,32,58,Send,UserID:0,bAssID=127,	//抓牌			   
17,32,58,Send,UserID:1,bAssID=127,	//抓牌			   
17,32,58,Send,UserID:2,bAssID=127,	//抓牌			   
17,33,01,Reply,UserId=2,bAssID=125,	//玩家出牌			 
17,33,01,Send,UserID:0,bAssID=126,	//玩家出牌结果 	   
17,33,01,Send,UserID:1,bAssID=126,	//玩家出牌结果 	   
17,33,01,Send,UserID:2,bAssID=126,	//玩家出牌结果 	   
17,33,02,Send,UserID:0,bAssID=127,	//抓牌			   
17,33,02,Send,UserID:1,bAssID=127,	//抓牌			   
17,33,02,Send,UserID:2,bAssID=127,	//抓牌			   
17,33,04,Reply,UserId=1,bAssID=125,	//玩家出牌			 
17,33,04,Send,UserID:0,bAssID=126,	//玩家出牌结果 	   
17,33,04,Send,UserID:1,bAssID=126,	//玩家出牌结果 	   
17,33,04,Send,UserID:2,bAssID=126,	//玩家出牌结果 	   
17,33,04,Send,UserID:0,bAssID=127,	//抓牌			   
17,33,04,Send,UserID:1,bAssID=127,	//抓牌			   
17,33,04,Send,UserID:2,bAssID=127,	//抓牌			   
17,33,06,Reply,UserId=0,bAssID=125,	//玩家出牌			 
17,33,06,Send,UserID:0,bAssID=126,	//玩家出牌结果 	   
17,33,06,Send,UserID:1,bAssID=126,	//玩家出牌结果 	   
17,33,06,Send,UserID:2,bAssID=126,	//玩家出牌结果 	   
17,33,06,Send,UserID:0,bAssID=127,	//抓牌			   
17,33,06,Send,UserID:1,bAssID=127,	//抓牌			   
17,33,06,Send,UserID:2,bAssID=127,	//抓牌			   
17,33,08,Reply,UserId=2,bAssID=125,	//玩家出牌			 
17,33,08,Send,UserID:0,bAssID=126,	//玩家出牌结果 	   
17,33,08,Send,UserID:1,bAssID=126,	//玩家出牌结果 	   
17,33,08,Send,UserID:2,bAssID=126,	//玩家出牌结果 	   
17,33,08,Send,UserID:0,bAssID=127,	//抓牌			   
17,33,08,Send,UserID:1,bAssID=127,	//抓牌			   
17,33,08,Send,UserID:2,bAssID=127,	//抓牌			   
17,33,11,Reply,UserId=1,bAssID=125,	//玩家出牌			 
17,33,11,Send,UserID:0,bAssID=126,	//玩家出牌结果 	   
17,33,11,Send,UserID:1,bAssID=126,	//玩家出牌结果 	   
17,33,11,Send,UserID:2,bAssID=126,	//玩家出牌结果 	   
17,33,12,Send,UserID:0,bAssID=127,	//抓牌			   
17,33,12,Send,UserID:1,bAssID=127,	//抓牌			   
17,33,12,Send,UserID:2,bAssID=127,	//抓牌			   
17,33,15,Reply,UserId=0,bAssID=125,	//玩家出牌			 
17,33,15,Send,UserID:0,bAssID=126,	//玩家出牌结果 	   
17,33,15,Send,UserID:1,bAssID=126,	//玩家出牌结果 	   
17,33,15,Send,UserID:2,bAssID=126,	//玩家出牌结果 	   
17,33,15,Send,UserID:1,bAssID=128,	//碰杠明胡动作消息	 
17,33,17,Reply,UserId=1,bAssID=150,	//玩家拦牌动作	   
17,33,17,Send,UserID:0,bAssID=129,	//动作结果消息	   
17,33,17,Send,UserID:1,bAssID=129,	//动作结果消息	   
17,33,17,Send,UserID:2,bAssID=129,	//动作结果消息	   
17,33,17,Send,UserID:0,bAssID=124,	//通知玩家出牌	   
17,33,17,Send,UserID:1,bAssID=124,	//通知玩家出牌	   
17,33,17,Send,UserID:2,bAssID=124,	//通知玩家出牌	   
17,33,18,Reply,UserId=1,bAssID=125,	//玩家出牌			 
17,33,18,Send,UserID:0,bAssID=126,	//玩家出牌结果 	   
17,33,18,Send,UserID:1,bAssID=126,	//玩家出牌结果 	   
17,33,18,Send,UserID:2,bAssID=126,	//玩家出牌结果 	   
17,33,19,Send,UserID:0,bAssID=127,	//抓牌			   
17,33,19,Send,UserID:1,bAssID=127,	//抓牌			   
17,33,19,Send,UserID:2,bAssID=127,	//抓牌			   
17,33,22,Reply,UserId=0,bAssID=125,	//玩家出牌			 
17,33,22,Send,UserID:0,bAssID=126,	//玩家出牌结果 	   
17,33,22,Send,UserID:1,bAssID=126,	//玩家出牌结果 	   
17,33,22,Send,UserID:2,bAssID=126,	//玩家出牌结果 	   
17,33,23,Send,UserID:0,bAssID=127,	//抓牌			   
17,33,23,Send,UserID:1,bAssID=127,	//抓牌			   
17,33,23,Send,UserID:2,bAssID=127,	//抓牌			   
17,33,25,Reply,UserId=2,bAssID=125,	//玩家出牌			 
17,33,25,Send,UserID:0,bAssID=126,	//玩家出牌结果 	   
17,33,25,Send,UserID:1,bAssID=126,	//玩家出牌结果 	   
17,33,25,Send,UserID:2,bAssID=126,	//玩家出牌结果 	   
17,33,25,Send,UserID:0,bAssID=128,	//碰杠明胡动作消息	 
17,33,26,Reply,UserId=0,bAssID=150,	//玩家拦牌动作	   
17,33,26,Send,UserID:0,bAssID=129,	//动作结果消息	   
17,33,26,Send,UserID:1,bAssID=129,	//动作结果消息	   
17,33,26,Send,UserID:2,bAssID=129,	//动作结果消息	   
17,33,27,Send,UserID:0,bAssID=127,	//抓牌			   
17,33,27,Send,UserID:1,bAssID=127,	//抓牌			   
17,33,27,Send,UserID:2,bAssID=127,	//抓牌			   
17,33,27,Send,UserID:0,bAssID=128,	//碰杠明胡动作消息	 
17,33,28,Reply,UserId=0,bAssID=150,	//玩家拦牌动作	   
17,33,28,Send,UserID:0,bAssID=130,	//明牌结果消息	   
17,33,28,Send,UserID:1,bAssID=130,	//明牌结果消息	   
17,33,28,Send,UserID:2,bAssID=130,	//明牌结果消息	   
17,33,30,Reply,UserId=0,bAssID=167,	//选择刻子请求//选择刻子回复			   
17,33,30,Send,UserID:0,bAssID=168,	//服务器通知能胡的牌//客户端回复			 
17,33,30,Send,UserID:1,bAssID=168,	//服务器通知能胡的牌//客户端回复			 
17,33,30,Send,UserID:2,bAssID=168,	//服务器通知能胡的牌//客户端回复			 
17,33,30,Send,UserID:0,bAssID=126,	//玩家出牌结果 	   
17,33,30,Send,UserID:1,bAssID=126,	//玩家出牌结果 	   
17,33,30,Send,UserID:2,bAssID=126,	//玩家出牌结果 	   
17,33,30,Send,UserID:1,bAssID=128,	//碰杠明胡动作消息	 
17,33,32,Reply,UserId=1,bAssID=150,	//玩家拦牌动作	   
17,33,32,Send,UserID:0,bAssID=129,	//动作结果消息	   
17,33,32,Send,UserID:1,bAssID=129,	//动作结果消息	   
17,33,32,Send,UserID:2,bAssID=129,	//动作结果消息	   
17,33,32,Send,UserID:0,bAssID=124,	//通知玩家出牌	   
17,33,32,Send,UserID:1,bAssID=124,	//通知玩家出牌	   
17,33,32,Send,UserID:2,bAssID=124,	//通知玩家出牌	   
17,33,35,Reply,UserId=1,bAssID=125,	//玩家出牌			 
17,33,35,Send,UserID:0,bAssID=126,	//玩家出牌结果 	   
17,33,35,Send,UserID:1,bAssID=126,	//玩家出牌结果 	   
17,33,35,Send,UserID:2,bAssID=126,	//玩家出牌结果 	   
17,33,35,Send,UserID:0,bAssID=127,	//抓牌			   
17,33,35,Send,UserID:1,bAssID=127,	//抓牌			   
17,33,35,Send,UserID:2,bAssID=127,	//抓牌			   
17,33,35,Send,UserID:0,bAssID=126,	//玩家出牌结果 	   
17,33,35,Send,UserID:1,bAssID=126,	//玩家出牌结果 	   
17,33,35,Send,UserID:2,bAssID=126,	//玩家出牌结果 	   
17,33,36,Send,UserID:0,bAssID=127,	//抓牌			   
17,33,36,Send,UserID:1,bAssID=127,	//抓牌			   
17,33,36,Send,UserID:2,bAssID=127,	//抓牌			   
17,33,36,Send,UserID:2,bAssID=128,	//碰杠明胡动作消息	 
17,33,38,Reply,UserId=2,bAssID=150,	//玩家拦牌动作	   
17,33,38,Send,UserID:0,bAssID=130,	//明牌结果消息	   
17,33,38,Send,UserID:1,bAssID=130,	//明牌结果消息	   
17,33,38,Send,UserID:2,bAssID=130,	//明牌结果消息	   
17,33,39,Reply,UserId=2,bAssID=167,	//选择刻子请求//选择刻子回复			   
17,33,39,Send,UserID:0,bAssID=168,	//服务器通知能胡的牌//客户端回复			 
17,33,39,Send,UserID:1,bAssID=168,	//服务器通知能胡的牌//客户端回复			 
17,33,39,Send,UserID:2,bAssID=168,	//服务器通知能胡的牌//客户端回复			 
17,33,39,Send,UserID:0,bAssID=126,	//玩家出牌结果 	   
17,33,39,Send,UserID:1,bAssID=126,	//玩家出牌结果 	   
17,33,39,Send,UserID:2,bAssID=126,	//玩家出牌结果 	   
17,33,39,Send,UserID:1,bAssID=128,	//碰杠明胡动作消息	 
17,33,40,Reply,UserId=1,bAssID=150,	//玩家拦牌动作	   
17,33,40,Send,UserID:0,bAssID=129,	//动作结果消息	   
17,33,40,Send,UserID:1,bAssID=129,	//动作结果消息	   
17,33,40,Send,UserID:2,bAssID=129,	//动作结果消息	   
17,33,40,Send,UserID:0,bAssID=124,	//通知玩家出牌	   
17,33,40,Send,UserID:1,bAssID=124,	//通知玩家出牌	   
17,33,40,Send,UserID:2,bAssID=124,	//通知玩家出牌	   
17,33,42,Reply,UserId=1,bAssID=125,	//玩家出牌			 
17,33,42,Send,UserID:0,bAssID=126,	//玩家出牌结果 	   
17,33,42,Send,UserID:1,bAssID=126,	//玩家出牌结果 	   
17,33,42,Send,UserID:2,bAssID=126,	//玩家出牌结果 	   
17,33,43,Send,UserID:0,bAssID=127,	//抓牌			   
17,33,43,Send,UserID:1,bAssID=127,	//抓牌			   
17,33,43,Send,UserID:2,bAssID=127,	//抓牌			   
17,33,43,Send,UserID:0,bAssID=126,	//玩家出牌结果 	   
17,33,43,Send,UserID:1,bAssID=126,	//玩家出牌结果 	   
17,33,43,Send,UserID:2,bAssID=126,	//玩家出牌结果 	   
17,33,44,Send,UserID:0,bAssID=127,	//抓牌			   
17,33,44,Send,UserID:1,bAssID=127,	//抓牌			   
17,33,44,Send,UserID:2,bAssID=127,	//抓牌			   
17,33,44,Send,UserID:2,bAssID=128,	//碰杠明胡动作消息	 
17,33,44,Send,UserID:0,bAssID=131,	//胡牌结果消息	   
17,33,44,Send,UserID:1,bAssID=131,	//胡牌结果消息	   
17,33,44,Send,UserID:2,bAssID=131,	//胡牌结果消息	   
17,33,45,CountFen,HuPai:28,MaiMa:2
17,33,45,Send,UserID:0,bAssID=132,	//游戏正常结束	   
17,33,45,CountFen,UserId=0,iFanShu:0,i64HuPoint:-2,i64Point:-4,i64Money:-4,DuiLiang:0,MaiMa:2,PiaoFen:1,Gang:2
17,33,45,Send,UserID:1,bAssID=132,	//游戏正常结束	   
17,33,45,CountFen,UserId=1,iFanShu:0,i64HuPoint:-2,i64Point:-6,i64Money:-6,DuiLiang:0,MaiMa:2,PiaoFen:1,Gang:0
17,33,45,Send,UserID:2,bAssID=132,	//游戏正常结束	   
17,33,45,CountFen,UserId=2,iFanShu:4,i64HuPoint:4,i64Point:10,i64Money:10,DuiLiang:0,MaiMa:2,PiaoFen:1,Gang:-2
17,33,45,Send,UserID:0,bAssID=180,
17,33,45,CalculateBoard,UserId=0,i64Money:-13
17,33,45,Send,UserID:1,bAssID=180,
17,33,45,CalculateBoard,UserId=1,i64Money:-12
17,33,45,Send,UserID:2,bAssID=180,
17,33,45,CalculateBoard,UserId=2,i64Money:25
19,51,04,Send,UserID:0,bAssID=181,
19,51,07,Reply,UserId=0,bAssID=1,    ///用户同意		 
19,55,47,Send,UserID:0,bAssID=181,
19,55,47,Send,UserID:1,bAssID=181,
19,55,48,Reply,UserId=1,bAssID=1,    ///用户同意		 
19,56,16,Send,UserID:0,bAssID=181,
19,56,16,Send,UserID:1,bAssID=181,
19,56,16,Send,UserID:2,bAssID=181,
19,56,19,Reply,UserId=2,bAssID=1,    ///用户同意		 
19,56,19,Send,UserID:0,bAssID=120,	//升级游戏开始	   
19,56,19,Send,UserID:1,bAssID=120,	//升级游戏开始	   
19,56,19,Send,UserID:2,bAssID=120,	//升级游戏开始	   
19,56,19,Send,UserID:0,bAssID=170,	//通知客户端票分							
19,56,19,Send,UserID:1,bAssID=170,	//通知客户端票分							
19,56,19,Send,UserID:2,bAssID=170,	//通知客户端票分							
19,56,20,Reply,UserId=2,bAssID=166,	//漂分请求//漂分回复					   
19,56,20,Send,UserID:0,bAssID=166,	//漂分请求//漂分回复					   
19,56,20,Send,UserID:1,bAssID=166,	//漂分请求//漂分回复					   
19,56,20,Send,UserID:2,bAssID=166,	//漂分请求//漂分回复					   
19,56,34,Reply,UserId=1,bAssID=166,	//漂分请求//漂分回复					   
19,56,34,Send,UserID:0,bAssID=166,	//漂分请求//漂分回复					   
19,56,34,Send,UserID:1,bAssID=166,	//漂分请求//漂分回复					   
19,56,34,Send,UserID:2,bAssID=166,	//漂分请求//漂分回复					   
19,56,47,Reply,UserId=0,bAssID=166,	//漂分请求//漂分回复					   
19,56,47,Send,UserID:0,bAssID=166,	//漂分请求//漂分回复					   
19,56,47,Send,UserID:1,bAssID=166,	//漂分请求//漂分回复					   
19,56,47,Send,UserID:2,bAssID=166,	//漂分请求//漂分回复					   
19,56,48,Send,UserID:0,bAssID=121,	//确定至筛子点数	  
19,56,48,Send,UserID:1,bAssID=121,	//确定至筛子点数	  
19,56,48,Send,UserID:2,bAssID=121,	//确定至筛子点数	  
19,56,51,Send,UserID:0,bAssID=122,	//发牌消息			 
19,56,51,Send,UserID:1,bAssID=122,	//发牌消息			 
19,56,51,Send,UserID:2,bAssID=122,	//发牌消息			 
19,56,52,Send,UserID:0,bAssID=123,	//通知开始出牌	   
19,56,52,Send,UserID:1,bAssID=123,	//通知开始出牌	   
19,56,52,Send,UserID:2,bAssID=123,	//通知开始出牌	   
19,58,42,Send,UserID:0,bAssID=180,
19,58,42,CalculateBoard,UserId=0,i64Money:0
19,58,42,Send,UserID:1,bAssID=180,
19,58,42,CalculateBoard,UserId=1,i64Money:0
19,58,42,Send,UserID:2,bAssID=180,
19,58,42,CalculateBoard,UserId=2,i64Money:0
